{
    "f_vals": [
        [
            3.410474456997405e-05
        ],
        [
            3.393819988899424e-05
        ],
        [
            3.495845065766378e-05
        ]
    ],
    "all_inputs": [
        [
            3.0000000000000005e-06,
            0.055999999999999994,
            1.0
        ],
        [
            0.01,
            0.2,
            0.0001
        ],
        [
            0.002143971171437335,
            0.0999423598204322,
            0.7686385936225129
        ]
    ]
}