{
    "f_vals": [
        [
            0.2242502977388205
        ],
        [
            0.12895200257912998
        ],
        [
            0.1087807379444025
        ],
        [
            0.1212691181168171
        ],
        [
            0.10936260145867614
        ],
        [
            0.11121835930674033
        ],
        [
            0.11780651323702886
        ],
        [
            0.12460943402555144
        ],
        [
            0.11559292624125506
        ],
        [
            0.11358952210080234
        ],
        [
            0.12355624492689235
        ],
        [
            0.05446209390897773
        ],
        [
            0.054559677275723924
        ],
        [
            0.07135387374412257
        ],
        [
            0.08828113708339135
        ],
        [
            0.08204717202614277
        ],
        [
            0.11775132891857323
        ],
        [
            0.057150190099916676
        ],
        [
            0.05812463253576524
        ],
        [
            0.055497847427837255
        ],
        [
            0.054639604170906075
        ]
    ],
    "all_inputs": [
        [
            0.001174,
            0.0001
        ],
        [
            0.01,
            1.0
        ],
        [
            0.00023084992433361373,
            0.5248334494467508
        ],
        [
            0.007540379040627585,
            0.743973326947371
        ],
        [
            0.0001716719351880983,
            0.5638393927879629
        ],
        [
            0.001353579114948717,
            0.5898125714699398
        ],
        [
            0.0026489463755033455,
            0.8492729516718458
        ],
        [
            0.008700341423727111,
            0.8287336861182182
        ],
        [
            1e-08,
            1.0
        ],
        [
            1e-08,
            0.7719283272319326
        ],
        [
            0.005448669203795899,
            1.0
        ],
        [
            0.0055724442628886876,
            0.029812583469306764
        ],
        [
            0.006128392310098517,
            0.035846987202491666
        ],
        [
            0.005861428954720175,
            0.0949959415504454
        ],
        [
            0.0011177967442708243,
            0.19038245417658417
        ],
        [
            0.005879747059027996,
            0.007247786509802415
        ],
        [
            0.006770046326192038,
            0.555386414276325
        ],
        [
            0.005685447901470847,
            0.048054593267142905
        ],
        [
            0.006193609369100424,
            0.05223069888956413
        ],
        [
            0.005385301497777535,
            0.039410388760818975
        ],
        [
            0.006482146748446615,
            0.03289974103739861
        ]
    ]
}