{
    "Description": [
        "Beta_is_1 with x_i = 1_Description: Subramani et al (2003) Optimizting the Literature Glu-Fru system. 21 iterations. We placed a upper flowrate constraint of 0.1<Q<2 L/h. This is with the sub-zoning arangement in config 1 in this case, we used measured isotherm data for both components"
    ],
    "m1": [
        0.5080663274920921,
        0.9584202375225995,
        0.6050896668191857,
        0.750087369898417,
        0.6961350286355051,
        0.8211768059098254,
        0.9251578812801856,
        0.8760645297792655,
        0.7701758444271919,
        0.5864311811186298,
        0.7392067690814185,
        0.5936051377483906,
        0.75765489918007,
        0.40000438230964624,
        0.40001091557733987,
        0.4918906626131737,
        0.4366746700330546,
        0.4172740908635509,
        0.41807169539927436,
        0.4006605415359323,
        0.4002436850690131
    ],
    "m2": [
        0.2967386989132676,
        0.8499866090308974,
        0.2727992247798613,
        0.519708611216129,
        0.4390370161840321,
        0.5815416628661563,
        0.510690803674025,
        0.3573157767270807,
        0.21076576110615347,
        0.262546865810035,
        0.3368536925476623,
        0.20000827292791465,
        0.2604231192052016,
        0.2000041027034297,
        0.20000773386309945,
        0.20000757804915295,
        0.20000016538832405,
        0.20002992376156592,
        0.2000006371921853,
        0.20000233259491224,
        0.20001578332412234
    ],
    "m3": [
        0.41276171068203416,
        0.9862108934593246,
        0.4010872032161535,
        0.8869653044249186,
        0.5816682565057446,
        0.9536624753094753,
        0.9315545924269707,
        0.9351908632674462,
        0.8124216848260706,
        0.9114165545537533,
        0.7583211958594307,
        0.5139274634277053,
        0.8257245479709323,
        0.4000037078819471,
        0.40000834268938856,
        0.4919007859193755,
        0.43667386627773014,
        0.41728144134062045,
        0.4180683017089791,
        0.4005005119849929,
        0.4001767500413973
    ],
    "m4": [
        0.16206913168166395,
        0.7326398351396449,
        0.2305747250854514,
        0.585428931549597,
        0.31233469042028605,
        0.30071064034465445,
        0.5122698840488158,
        0.20037081179189914,
        0.4803372465603901,
        0.39560832430546866,
        0.29952880547992644,
        0.2000086086174437,
        0.3884013406024063,
        0.20000602695271946,
        0.2000106808396354,
        0.20000829548630242,
        0.20000008762150767,
        0.20002504074828323,
        0.20000077171873026,
        0.20001779662707433,
        0.20001189742813213
    ],
    "t_index_min": [
        3.3,
        1.0187650607670327,
        1.2659348727127993,
        2.0310855604036404,
        2.1450184251565445,
        3.3284309659334257,
        2.7756689343642025,
        1.5586750680285406,
        3.9637802955542822,
        2.9616280666953014,
        3.7877031781234702,
        4.99999396275255,
        2.1259973512497385,
        2.762609357867198,
        3.1821143656449546,
        4.648982277560398,
        3.769703532208723,
        3.459295688918736,
        3.4733404345373753,
        3.192127041537213,
        3.1875815098970905
    ],
    "Q1_(L/h)": [
        1.2045843563713,
        1.9871131571500396,
        1.3731707851335955,
        1.6251168128667093,
        1.531369961851667,
        1.7486408455686258,
        1.9293169414145346,
        1.8440130046204215,
        1.6600222717344064,
        1.340750055315541,
        1.6062108295512734,
        1.3532154243359746,
        1.6382660483495959,
        1.016817396897785,
        1.0168287490144639,
        1.1764777420895645,
        1.080535187811305,
        1.046825006521003,
        1.0482109132644197,
        1.0179575302041233,
        1.0172332061028115
    ],
    "Q2_(L/h)": [
        0.8373843563712995,
        1.7987003658367566,
        0.7957874532076984,
        1.2248138294989546,
        1.0846399682059584,
        1.3322540952066688,
        1.2091446103261976,
        0.9426422591018707,
        0.6879989543059132,
        0.7779730943420947,
        0.9070876212099309,
        0.6693068898294696,
        0.7742829012587803,
        0.6692996437043833,
        0.6693059531578122,
        0.6693056824176277,
        0.6692928022794522,
        0.6693445100222016,
        0.6692936220793952,
        0.6692965679880087,
        0.6693199397913038
    ],
    "Q3_(L/h)": [
        1.0389843563713,
        2.035401821195494,
        1.0186988917100979,
        1.8629540417048875,
        1.332474062585139,
        1.9788461345349273,
        1.9404317793034356,
        1.946750113832631,
        1.73342806679675,
        1.9054401998456303,
        1.6394237963558864,
        1.2147685860909572,
        1.756542940037147,
        1.0168162250214297,
        1.0168242783995136,
        1.1764953322081038,
        1.080533791217035,
        1.0468377786095278,
        1.0482050164345313,
        1.0176794650429322,
        1.0171169007133751
    ],
    "Q4_(L/h)": [
        0.6033843563712997,
        1.5948002148595946,
        0.7224187394618568,
        1.339008560158359,
        0.8644837381222337,
        0.8442859475329173,
        1.2118883988100917,
        0.6699368324060762,
        1.1564026842132598,
        1.0091788665740893,
        0.8422324074196507,
        0.6693074731190086,
        0.9966561101623436,
        0.6693029872536578,
        0.6693110737839757,
        0.669306929026616,
        0.6692926671528946,
        0.6693360253650393,
        0.6692938558308815,
        0.669323438079005,
        0.669313187711525
    ],
    "V_col_(mL)": [
        159.27874753700252
    ],
    "L_col_(cm)": [
        30
    ],
    "A_col_(cm)": [
        5.3092915845667505
    ],
    "d_col_(cm)": [
        2.6
    ],
    "config": [
        3,
        3,
        3,
        3
    ],
    "e": [
        0.4
    ]
}