{
    "Description": [
        "Beta_is_1 with x_i = 1_Description: Subramani et al (2003) Optimizting the Literature Glu-Fru system. 21 iterations. We placed a upper flowrate constraint of 0.1<Q<2 L/h. This is with the sub-zoning arangement in config 1 in this case, we used measured isotherm data for both components"
    ],
    "m1": [
        0.5080663274920921,
        0.9983395432566285,
        0.7878482256284075,
        0.7462465844686004,
        0.8678271387918348,
        0.7624936568867995,
        0.585340294921013,
        0.5472437119012542,
        0.9626644135224786,
        0.6059274665766469,
        0.26325225398128727,
        0.9950413082300372,
        0.9999998966272027,
        0.9999373457302931,
        0.996963765066938,
        0.9999797441249232,
        0.9999667417447843,
        0.9999746661706568,
        0.9999863351378896,
        0.9999764222458004,
        0.9999741932620323
    ],
    "m2": [
        0.2967386989132676,
        0.927925592923484,
        0.2718182570103099,
        0.2121199237746526,
        0.47329738071466265,
        0.5001152849175678,
        0.25962666502937937,
        0.22807671086203662,
        0.21961096588329554,
        0.2912731170271574,
        0.200037776895756,
        0.22415946898103767,
        0.20000038511028917,
        0.2001648505876817,
        0.21957250651491889,
        0.20004394785675297,
        0.20008452120949574,
        0.20005108407895186,
        0.20003179816460329,
        0.20004577703603926,
        0.20005088184262523
    ],
    "m3": [
        0.41276171068203416,
        0.9984590437645517,
        0.4546673587131508,
        0.5813244256925045,
        0.8534637393250625,
        0.8188015960035061,
        0.9347926525215404,
        0.6097197225900838,
        0.7398387364948,
        0.9994972697118462,
        0.2631044334445563,
        0.3473351736302421,
        0.3040261129490851,
        0.2634547774935522,
        0.3354607400217739,
        0.26283736605302804,
        0.2631352918289101,
        0.2628521063772541,
        0.2628253357640481,
        0.26284480741249006,
        0.26292524780164284
    ],
    "m4": [
        0.16206913168166395,
        0.9294990069562092,
        0.24636528259733825,
        0.23259352994406524,
        0.5559058874657661,
        0.5515355071283614,
        0.28632500269382294,
        0.3014544909800515,
        0.34799712701683067,
        0.3681181247400963,
        0.2000534903730507,
        0.27306288223866537,
        0.20000039838279393,
        0.20015184908999373,
        0.21825757496239484,
        0.20004674974551034,
        0.2001073692341996,
        0.2000573785152658,
        0.2000290683341522,
        0.20004840080230993,
        0.200059632074307
    ],
    "t_index_min": [
        3.3,
        1.002676463702644,
        1.5476473889016469,
        4.954559703600723,
        2.4270730783445895,
        1.7413538593332853,
        1.3327871432530933,
        2.5255367164131575,
        2.7552756615404856,
        1.7293480439619666,
        1.001849753506066,
        1.0292930201280854,
        1.6568876263383105,
        1.0008490087930784,
        1.043106366378749,
        1.0000919146698073,
        1.0003326633290095,
        1.0001587405363725,
        1.0001454082496808,
        1.0001827738629208,
        1.0000042755226912
    ],
    "Q1_(L/h)": [
        1.2045843563713,
        2.056476397366725,
        1.690729559847782,
        1.618443116581405,
        1.8296998265900515,
        1.6466738076277365,
        1.3388545463635941,
        1.2726584442309403,
        1.994487779378265,
        1.3746265345451067,
        0.77919876719058,
        2.0507454292490723,
        2.05936140469764,
        2.0592527171138175,
        2.054085863981896,
        2.0593263879850277,
        2.0593037952269526,
        2.0593175646010753,
        2.0593378404391034,
        2.059320615933251,
        2.0593167428815113
    ],
    "Q2_(L/h)": [
        0.8373843563712995,
        1.9341260793500414,
        0.794082937014517,
        0.6903519288564577,
        1.144170309507049,
        1.1907687334307515,
        0.7728989933650101,
        0.718078224078201,
        0.7033682612725841,
        0.8278874359635118,
        0.6693581555208711,
        0.7112716781079645,
        0.6692931840653367,
        0.6695789570317238,
        0.7033014347995722,
        0.6693688780983843,
        0.669439377801747,
        0.6693812779005731,
        0.669347766959309,
        0.6693720564553196,
        0.6693809264974953
    ],
    "Q3_(L/h)": [
        1.0389843563713,
        2.056684039816529,
        1.1117990378235478,
        1.3318766268618933,
        1.8047421799270573,
        1.7445137132884512,
        1.9460581882813912,
        1.381215906779578,
        1.6073089274940475,
        2.0584880470370246,
        0.7789419162456626,
        0.9253000995281065,
        0.8500468674303023,
        0.7795506692783656,
        0.9046672459331817,
        0.778477863595147,
        0.7789955353526903,
        0.7785034761811217,
        0.7784569599293881,
        0.7784907935996751,
        0.7786305657207914
    ],
    "Q4_(L/h)": [
        0.6033843563712997,
        1.9368600220753829,
        0.7498561964444496,
        0.7259265872007837,
        1.2877097221385154,
        1.2801158089777647,
        0.8192896601051471,
        0.8455784522335789,
        0.9264503006882195,
        0.9614122714142922,
        0.6693854590443215,
        0.7962455808057033,
        0.6692932071274595,
        0.6695563658069839,
        0.7010166277001222,
        0.6693737466220062,
        0.6694790782172945,
        0.6693922150271099,
        0.6693430236432155,
        0.6693766154757423,
        0.6693961307805091
    ],
    "V_col_(mL)": [
        159.27874753700252
    ],
    "L_col_(cm)": [
        30
    ],
    "A_col_(cm)": [
        5.3092915845667505
    ],
    "d_col_(cm)": [
        2.6
    ],
    "config": [
        3,
        3,
        3,
        3
    ],
    "e": [
        0.4
    ]
}