{
    "Description": [
        "Beta_is_1 with x_i = 1_Description: Subramani et al (2003) Optimizting the Literature Glu-Fru system. 21 iterations. We placed a upper flowrate constraint of 0.1<Q<2 L/h. This is with the sub-zoning arangement in config 1 in this case, we used measured isotherm data for both components"
    ],
    "rec_raff_vals": [
        [
            0.6819209754324234
        ],
        [
            0.6322518909853672
        ],
        [
            0.5442799911568399
        ],
        [
            0.591437910800582
        ],
        [
            0.7678538833625428
        ],
        [
            0.914974568404671
        ],
        [
            0.6827169585324305
        ],
        [
            0.8944899143343583
        ],
        [
            0.5208594043122521
        ],
        [
            0.7341606297134698
        ],
        [
            0.8475173932172704
        ],
        [
            0.6349476225516942
        ],
        [
            0.6936985596278957
        ],
        [
            0.47980113402979085
        ],
        [
            0.4762937602561162
        ],
        [
            0.6127704568418043
        ],
        [
            0.5420697644380433
        ],
        [
            0.5164713305952449
        ],
        [
            0.5123299130036125
        ],
        [
            0.48256779680131945
        ],
        [
            0.4783347679102817
        ]
    ],
    "rec_ext_vals": [
        [
            0.6510536248204264
        ],
        [
            0.14140768861559785
        ],
        [
            0.676135426857957
        ],
        [
            0.2282524409311767
        ],
        [
            0.4088070787091696
        ],
        [
            0.054962332947786435
        ],
        [
            0.18307418164106554
        ],
        [
            0.2790104500258685
        ],
        [
            0.5419618903221608
        ],
        [
            0.35139378247973463
        ],
        [
            0.42904528971433065
        ],
        [
            0.8049912922918231
        ],
        [
            0.44931232553771483
        ],
        [
            0.5552462960598114
        ],
        [
            0.561475592797798
        ],
        [
            0.6927756022729985
        ],
        [
            0.6201750809460305
        ],
        [
            0.5892386707672711
        ],
        [
            0.5910379301597672
        ],
        [
            0.5618368402823293
        ],
        [
            0.5614670170325562
        ]
    ],
    "pur_raff_vals": [
        [
            0.8430362653716836
        ],
        [
            0.5085908913804913
        ],
        [
            0.7919055081155418
        ],
        [
            0.5003510146890657
        ],
        [
            0.6765453347611745
        ],
        [
            0.5320106482601028
        ],
        [
            0.49575956384862807
        ],
        [
            0.5929883698275583
        ],
        [
            0.5764224321991827
        ],
        [
            0.5793956486720706
        ],
        [
            0.65628674974699
        ],
        [
            0.8847381766782932
        ],
        [
            0.60231898588576
        ],
        [
            0.7060563724358268
        ],
        [
            0.7099726178463646
        ],
        [
            0.814387706523682
        ],
        [
            0.7588085778587024
        ],
        [
            0.7363211582262845
        ],
        [
            0.7355699688648558
        ],
        [
            0.7128926554906311
        ],
        [
            0.7110034816176606
        ]
    ],
    "pur_ext_vals": [
        [
            0.8869230131826412
        ],
        [
            0.4565673118079951
        ],
        [
            0.7298334509216651
        ],
        [
            0.4640525318115483
        ],
        [
            0.8271875045515267
        ],
        [
            0.7211094033170306
        ],
        [
            0.452139412043199
        ],
        [
            0.8949287431444456
        ],
        [
            0.5827114956031476
        ],
        [
            0.6634509155949609
        ],
        [
            0.8744440591256017
        ],
        [
            0.7667372192856666
        ],
        [
            0.6705729338313587
        ],
        [
            0.6331720395941982
        ],
        [
            0.6337103479936798
        ],
        [
            0.7365636944572441
        ],
        [
            0.6824058172380059
        ],
        [
            0.6627243694312944
        ],
        [
            0.6599574810145397
        ],
        [
            0.637689058629049
        ],
        [
            0.6348199900981022
        ]
    ]
}