{
    "Description": [
        "Beta_is_1 with x_i = 1_Description: Subramani et al (2003) Optimizting the Literature Glu-Fru system. 21 iterations. We placed a upper flowrate constraint of 0.1<Q<2 L/h. This is with the sub-zoning arangement in config 1 in this case, we used measured isotherm data for both components"
    ],
    "rec_raff_vals": [
        [
            0.6819209754324234
        ],
        [
            0.28755321938247863
        ],
        [
            0.6141504827746996
        ],
        [
            0.7098234973658155
        ],
        [
            0.5604866632791233
        ],
        [
            0.5669374588853878
        ],
        [
            0.8213946269091751
        ],
        [
            0.673636909437738
        ],
        [
            0.6789691650960752
        ],
        [
            0.7967931509435315
        ],
        [
            0.2112258747197272
        ],
        [
            0.2509016522485905
        ],
        [
            0.24132261147679152
        ],
        [
            0.14866682935291822
        ],
        [
            0.33491610531844207
        ],
        [
            0.14735445539285932
        ],
        [
            0.14837933489438798
        ],
        [
            0.14739556493193476
        ],
        [
            0.1471949044541097
        ],
        [
            0.14738563604117122
        ],
        [
            0.14704147313471624
        ]
    ],
    "rec_ext_vals": [
        [
            0.6510536248204264
        ],
        [
            0.20073778635110273
        ],
        [
            0.7592621119314513
        ],
        [
            0.7953181004081246
        ],
        [
            0.29285151842549245
        ],
        [
            0.2697409310825594
        ],
        [
            0.2927122550963273
        ],
        [
            0.5718727402000159
        ],
        [
            0.6044242217339081
        ],
        [
            0.27236004217964616
        ],
        [
            0.253421005883481
        ],
        [
            0.8828863578866896
        ],
        [
            0.9751730564911651
        ],
        [
            0.9315456036342641
        ],
        [
            0.8793755345270658
        ],
        [
            0.9292049988559251
        ],
        [
            0.9261439549778536
        ],
        [
            0.9289834996732177
        ],
        [
            0.9305414236736845
        ],
        [
            0.928991117798042
        ],
        [
            0.9348099640896529
        ]
    ],
    "pur_raff_vals": [
        [
            0.8430362653716836
        ],
        [
            0.5281765335806581
        ],
        [
            0.8262085173435326
        ],
        [
            0.8429900412693935
        ],
        [
            0.5008786829161574
        ],
        [
            0.5108861977643351
        ],
        [
            0.5785086691768918
        ],
        [
            0.7104852006869007
        ],
        [
            0.663872671369487
        ],
        [
            0.561558514671773
        ],
        [
            0.557632241726953
        ],
        [
            0.8532115058629849
        ],
        [
            0.9500501510765559
        ],
        [
            0.8836590710986765
        ],
        [
            0.860920319971817
        ],
        [
            0.8836346289293017
        ],
        [
            0.8836061381199194
        ],
        [
            0.8836458467782328
        ],
        [
            0.8836374850362371
        ],
        [
            0.8836488692868365
        ],
        [
            0.8836280333550086
        ]
    ],
    "pur_ext_vals": [
        [
            0.8869230131826412
        ],
        [
            0.4514692507375808
        ],
        [
            0.7707953583834234
        ],
        [
            0.8032002410951846
        ],
        [
            0.4794665621106556
        ],
        [
            0.487523473011605
        ],
        [
            0.7329205738890648
        ],
        [
            0.7359023655029923
        ],
        [
            0.7092923980261707
        ],
        [
            0.6784523130525953
        ],
        [
            0.4810115232677949
        ],
        [
            0.6096559524313468
        ],
        [
            0.6083906673903638
        ],
        [
            0.5706169564215787
        ],
        [
            0.63490855506083
        ],
        [
            0.5709469818295076
        ],
        [
            0.5717692789969251
        ],
        [
            0.5710063028966939
        ],
        [
            0.5705209751197372
        ],
        [
            0.5710007361584332
        ],
        [
            0.569619380172905
        ]
    ]
}