{
    "Description": [
        "Beta_is_10 with x_i = 0.01_Description: Subramani et al (2003) Optimizting the Literature Glu-Fru system. 21 iterations. We placed a upper flowrate constraint of 0.1<Q<1 L/h. This is with the sub-zoning arangement in config 1 in this case, we used measured isotherm data for both components"
    ],
    "m1": [
        0.5080663274920921,
        0.9984036830254741,
        0.7881101268413464,
        0.5003819155956999,
        0.5061477257869478,
        0.9999658468240096,
        0.9999985917403393,
        0.9945238822747253,
        0.8475813804527188,
        0.7610292356817256,
        0.5003302314532572,
        0.999844446421085,
        0.5271606870193608,
        0.5496804135939688,
        0.9996604470341988,
        0.9998764930106422,
        0.9997866123740532,
        0.9998107817475814,
        0.9998645636643441,
        0.5497944237887219,
        0.5505295645533054
    ],
    "m2": [
        0.2967386989132676,
        0.10378821775554367,
        0.14833907875412877,
        0.39481334685666297,
        0.3913722554831571,
        0.10005244402182083,
        0.10012748498303974,
        0.12069633524543183,
        0.34855613819243547,
        0.14183470828305308,
        0.10240890592707122,
        0.4557212982548225,
        0.4310202983382244,
        0.45547735558616603,
        0.45555940536929007,
        0.10035334580375375,
        0.45559940395884585,
        0.10046586272684427,
        0.10068018467585027,
        0.45527087608136474,
        0.45534111962919394
    ],
    "m3": [
        0.41276171068203416,
        0.5450476829844852,
        0.4797991305309568,
        0.5147063172879043,
        0.5267743730010942,
        0.20002744680760196,
        0.20003277980891743,
        0.23986981618356484,
        0.47448632411621783,
        0.4347452599860163,
        0.23495407990804543,
        0.5499255251737056,
        0.5460730510592362,
        0.5499036329610474,
        0.5499046963725729,
        0.5496589719857239,
        0.549965483297787,
        0.5496906088771175,
        0.5497968303742018,
        0.5498544773821454,
        0.549876883695888
    ],
    "m4": [
        0.16206913168166395,
        0.3904297439075818,
        0.17319518481938773,
        0.10457875681951342,
        0.38893936021189995,
        0.10003033586823473,
        0.1000460846006051,
        0.10290594300998712,
        0.227599710098438,
        0.23049782422390552,
        0.11068555356013637,
        0.10018205856076402,
        0.39756183667789724,
        0.10016336339187448,
        0.10023078020106528,
        0.10014062408496278,
        0.10031257884477263,
        0.10017075237679104,
        0.10011056632645397,
        0.10035064219302334,
        0.10034934574859142
    ],
    "t_index_min": [
        3.3,
        1.5037628335306925,
        2.9818994365499623,
        1.5490996671432486,
        1.5060498505774351,
        1.5004168166314562,
        1.5005120166284884,
        1.6232969071930592,
        1.8272468773682546,
        2.9783737619470982,
        1.5506378253438327,
        1.50043376075577,
        1.5124189742396905,
        1.500190050852637,
        1.500540002295308,
        1.5006107887375704,
        1.5005835961797014,
        1.500155014432809,
        1.5004317763822936,
        1.5007643111646038,
        1.5020821860848894
    ],
    "Q1_(L/h)": [
        1.2045843563713,
        2.056587845752714,
        1.6911846358169675,
        1.1912320272540364,
        1.2012506202627427,
        2.059302240224842,
        2.0593591373440554,
        2.0498463569788337,
        1.794521073522511,
        1.6441292493505282,
        1.1911422215943006,
        2.0590912965434423,
        1.2377624545952044,
        1.2768924237989787,
        2.0587715817228154,
        2.0591469802595967,
        2.05899080489352,
        2.059032801266731,
        2.0591262519904623,
        1.277090526355634,
        1.2783678969037748
    ],
    "Q2_(L/h)": [
        0.8373843563712995,
        0.502116236638962,
        0.5795272040013227,
        1.0077975246210065,
        1.001818331266835,
        0.49562500724199104,
        0.4957553973909029,
        0.5314955505698479,
        0.9274216308690508,
        0.5682252987415088,
        0.4997195632516668,
        1.1136303487709351,
        1.0707102288113641,
        1.113206477322923,
        1.1133490459050144,
        0.49614785006698664,
        1.1134185469077162,
        0.4963433579352038,
        0.4967157608254659,
        1.112847701356558,
        1.112969755585512
    ],
    "Q3_(L/h)": [
        1.0389843563713,
        1.2688426543900166,
        1.1554676611529209,
        1.2161219119167774,
        1.2370912006353627,
        0.6693402061008372,
        0.6693494726510568,
        0.7385697627529462,
        1.1462362013167808,
        1.0771826712755497,
        0.7300282465654522,
        1.277318326330913,
        1.2706243199468612,
        1.2772802867213164,
        1.2772821344906535,
        1.276855167153454,
        1.2773877570213596,
        1.2769101389836774,
        1.2770947080056818,
        1.2771948746590405,
        1.277233807563657
    ],
    "Q4_(L/h)": [
        0.6033843563712997,
        1.0001806360308703,
        0.6227168342855555,
        0.5034898665151967,
        0.9975909656847127,
        0.49558659241638864,
        0.4956139571985769,
        0.5005832080958081,
        0.7172493940687446,
        0.7222851175755491,
        0.5141009530931182,
        0.49585022369390513,
        1.012573262981127,
        0.49581773922387906,
        0.4959348817503975,
        0.4957782277148817,
        0.49607701395606946,
        0.49583057822311266,
        0.4957259997643831,
        0.4961431523099215,
        0.4961408996257902
    ],
    "V_col_(mL)": [
        159.27874753700252
    ],
    "L_col_(cm)": [
        30
    ],
    "A_col_(cm)": [
        5.3092915845667505
    ],
    "d_col_(cm)": [
        2.6
    ],
    "config": [
        3,
        3,
        3,
        3
    ],
    "e": [
        0.4
    ]
}