{
    "Description": [
        "Beta_is_1 with x_i = 2_Description: Subramani et al (2003) Optimizting the Literature Glu-Fru system. 21 iterations. We placed a upper flowrate constraint of 0.1<Q<2 L/h. This is with the sub-zoning arangement in config 1 in this case, we used measured isotherm data for both components"
    ],
    "m1": [
        0.5080663274920921,
        0.9996753579852742,
        0.6643556029488306,
        0.5006826677352305,
        0.9860954301420786,
        0.9942808446258595,
        0.9990979666760227,
        0.991161860817559,
        0.9963052962784795,
        0.9960586591806788,
        0.9995588986709871,
        0.9991082855547258,
        0.9839415731839478,
        0.9850360441737975,
        0.9959923885459674,
        0.9922258864562624,
        0.9964905409432917,
        0.9958518101136797,
        0.990782096451684,
        0.9897632933849989,
        0.9245439619716503
    ],
    "m2": [
        0.2967386989132676,
        0.13121450646228586,
        0.15930843164420577,
        0.11198916773446205,
        0.33341088708911876,
        0.11786839326902071,
        0.14450953297213365,
        0.13963219579756014,
        0.1119057591642455,
        0.29996826473764787,
        0.272313813549507,
        0.31090382203983824,
        0.337375740639791,
        0.34939524444812275,
        0.3463071790815748,
        0.35407903011885367,
        0.35256530633289945,
        0.3534029951000462,
        0.3472986232929168,
        0.35537477374957627,
        0.3516126629163044
    ],
    "m3": [
        0.41276171068203416,
        0.5437287438830133,
        0.46412794148219144,
        0.40249445823693186,
        0.5334402554829641,
        0.5442232963225703,
        0.5412106963220421,
        0.5434085810784602,
        0.5379009270001456,
        0.5300071596039734,
        0.5365624718820046,
        0.5090197636322831,
        0.5449011105414739,
        0.5416489968016496,
        0.547544400984344,
        0.5448008631961929,
        0.5467987209110886,
        0.5447775179963251,
        0.5449930234567797,
        0.5470757947442912,
        0.5425263449451752
    ],
    "m4": [
        0.16206913168166395,
        0.2834992778735476,
        0.15537290222434585,
        0.10131080655850863,
        0.33669861460442185,
        0.26859240381134075,
        0.18071226915075256,
        0.125541031084959,
        0.3432568395317075,
        0.1241468543663414,
        0.132143698321059,
        0.11964070237913407,
        0.13305757886941397,
        0.11477641345161599,
        0.10790474347862913,
        0.1267195689410322,
        0.10901888419178801,
        0.11692340273583057,
        0.10915846097301146,
        0.10478875678619878,
        0.12752501330980537
    ],
    "t_index_min": [
        3.3,
        3.0124458628179007,
        4.323879407391084,
        3.0031571019620933,
        3.003464457481061,
        3.0088939705747135,
        3.0231806713611165,
        3.001137646892584,
        3.005243812011015,
        3.036606392088706,
        3.0070570383576456,
        3.0108833759261096,
        3.000283649594248,
        3.0167609169648095,
        3.0232806226352165,
        3.0017019356161594,
        3.0099021440994544,
        3.008418366188186,
        3.0233774183334323,
        3.0027866748441774,
        3.004199968487289
    ],
    "Q1_(L/h)": [
        1.2045843563713,
        2.058797490787672,
        1.4761504659881897,
        1.1917546100624385,
        2.0352011937130494,
        2.0494240580808447,
        2.057794223537748,
        2.044004554430943,
        2.052941717611883,
        2.0525131643606045,
        2.0585951326743777,
        2.057812153480394,
        2.0314586812912503,
        2.0333604191292016,
        2.0523980134112008,
        2.045853390842724,
        2.05326359621042,
        2.0521537462480137,
        2.0433446810576075,
        2.041574422769079,
        1.9282502036121463
    ],
    "Q2_(L/h)": [
        0.8373843563712995,
        0.5497717811640326,
        0.5985874017062994,
        0.5163660952708427,
        0.9011054494850177,
        0.5265817572304652,
        0.5728730375745031,
        0.564398243140157,
        0.5162211656788651,
        0.8429960058214333,
        0.7949440092861214,
        0.8619974807746551,
        0.9079947248419492,
        0.9288796504340292,
        0.9235138702460711,
        0.9370181324198376,
        0.9343879066517238,
        0.9358434632079814,
        0.925236590161366,
        0.9392695988485344,
        0.932732606467237
    ],
    "Q3_(L/h)": [
        1.0389843563713,
        1.2665508838282706,
        1.128237617180889,
        1.0211441188065495,
        1.2486737469583564,
        1.2674102113900598,
        1.2621755587909969,
        1.2659945733135383,
        1.256424548839418,
        1.24270844646621,
        1.2540988675137599,
        1.206241033981476,
        1.2685879721156934,
        1.2629371437157613,
        1.273180917473332,
        1.268413783698236,
        1.2718852339664437,
        1.2683732193979165,
        1.268747678741501,
        1.2723666736732926,
        1.2644616118625396
    ],
    "Q4_(L/h)": [
        0.6033843563712997,
        0.8143797192659725,
        0.5917490795584051,
        0.4978115207924396,
        0.9068181598946224,
        0.7884777385715711,
        0.6357784173120625,
        0.5399136278664037,
        0.9182136419217205,
        0.5374911254490946,
        0.5513863322420721,
        0.5296612973247264,
        0.5529742785963312,
        0.5212091753461825,
        0.5092690554903465,
        0.5419614391424795,
        0.5112049711707675,
        0.5249397545916196,
        0.5114474978787513,
        0.5038547595880307,
        0.543360968272686
    ],
    "V_col_(mL)": [
        159.27874753700252
    ],
    "L_col_(cm)": [
        30
    ],
    "A_col_(cm)": [
        5.3092915845667505
    ],
    "d_col_(cm)": [
        2.6
    ],
    "config": [
        3,
        3,
        3,
        3
    ],
    "e": [
        0.4
    ]
}