{
    "Description": [
        "Beta_is_1 with x_i = 100_Description: Subramani et al (2003) Optimizting the Literature Glu-Fru system. 21 iterations. We placed a upper flowrate constraint of 0.1<Q<2 L/h. This is with the sub-zoning arangement in config 1 in this case, we used measured isotherm data for both components"
    ],
    "m1": [
        0.5080663274920921,
        0.998991787588674,
        0.7745385353776074,
        0.501605363712852,
        0.9903325845307858,
        0.9929897663146325,
        0.5011959258218485,
        0.9989366652511873,
        0.5015404062871816,
        0.9994368009265023,
        0.9992472850355972,
        0.9996570318401715,
        0.9997244607565546,
        0.5271334397900077,
        0.5350456424968588,
        0.9974425521800548,
        0.5191312093367542,
        0.503026601512332,
        0.5007708956731463,
        0.9969896111422287,
        0.5014509029184366
    ],
    "m2": [
        0.2967386989132676,
        0.11438922290768042,
        0.18920914122074942,
        0.3117978500004648,
        0.10712578947667836,
        0.10777504820256667,
        0.31141350049403077,
        0.10186091382903481,
        0.30089732013018167,
        0.10072173349226972,
        0.10080491446804635,
        0.10081887373602448,
        0.10041806417586402,
        0.33384231524881364,
        0.20378166979585763,
        0.10235128994006905,
        0.3209418933286568,
        0.3101174308551055,
        0.3115934480797223,
        0.1023570928772518,
        0.311429788261181
    ],
    "m3": [
        0.41276171068203416,
        0.5017339821442063,
        0.4752087660209439,
        0.5456609816582412,
        0.54942359403091,
        0.5483885996866636,
        0.5306456167951521,
        0.30039845850009317,
        0.5474102272636707,
        0.5094899220565849,
        0.29373046946375986,
        0.549644327129662,
        0.29180129568036806,
        0.5479582660368054,
        0.5499812259390444,
        0.29930336025332754,
        0.5487884931571501,
        0.549133013759308,
        0.5464758275437954,
        0.2973296979558765,
        0.5448921821030379
    ],
    "m4": [
        0.16206913168166395,
        0.16660187387013145,
        0.1476979078395011,
        0.30955326329054966,
        0.1023201193993784,
        0.10984229055317735,
        0.30223463173961435,
        0.10250215917049865,
        0.3102005524333085,
        0.10463247778971213,
        0.10145261778693264,
        0.10387656121814487,
        0.10114246644553056,
        0.3340204802064455,
        0.20374314456057632,
        0.10324561499329138,
        0.3001528192994922,
        0.3101097991653736,
        0.2949116417720567,
        0.10327426172261109,
        0.10185469291028815
    ],
    "t_index_min": [
        3.3,
        3.0035227468806514,
        4.33857596693467,
        3.00101144181751,
        6.943540946550611,
        6.870283886754656,
        3.0087805545281805,
        3.022170265449388,
        3.0070052391159408,
        3.005542698258858,
        3.0060320202761166,
        3.0013233262109464,
        3.0007580757006,
        3.0628198019445865,
        5.27435653384984,
        3.0171232758831494,
        3.1451530015604474,
        3.056894230007048,
        3.002226607255852,
        3.012126740313758,
        3.0107936426368935
    ],
    "Q1_(L/h)": [
        1.2045843563713,
        2.0576097282063213,
        1.667602823921387,
        1.193357873986144,
        2.0425636152856406,
        2.0471806980475598,
        1.192646440300981,
        2.0575139483858536,
        1.1932450048508272,
        2.0583829773018105,
        2.0580536770791737,
        2.058765647528336,
        2.0588828110921464,
        1.2377151101817658,
        1.2514632454989234,
        2.0549177979278683,
        1.223810543882529,
        1.1958273973678175,
        1.191907913721882,
        2.0541307737691805,
        1.1930894850202014
    ],
    "Q2_(L/h)": [
        0.8373843563712995,
        0.5205363983473146,
        0.6505424661261489,
        0.8635509315437279,
        0.5079155556595866,
        0.5090436987507171,
        0.8628830910928048,
        0.4987673796694623,
        0.8446103197775998,
        0.49678795548118526,
        0.49693248960817377,
        0.49695674504148374,
        0.4962603038261032,
        0.9018550931606003,
        0.6758634926704079,
        0.49961945049987244,
        0.8794394962936025,
        0.8606310581967095,
        0.8631957655590367,
        0.49962953360423423,
        0.8629113924944614
    ],
    "Q3_(L/h)": [
        1.0389843563713,
        1.1935813596151215,
        1.147491506499541,
        1.2699083137858924,
        1.2764461776351932,
        1.2746477856039995,
        1.243817820958213,
        0.8437435046252207,
        1.272947779049537,
        1.2070579748356587,
        0.8321572979819739,
        1.2768297204516572,
        0.8288051919747027,
        1.2739000437337544,
        1.277415111219713,
        0.8418406768742229,
        1.275342635034479,
        1.2759412693255234,
        1.2713241788632024,
        0.8384112682327792,
        1.2685724581830584
    ],
    "Q4_(L/h)": [
        0.6033843563712997,
        0.6112603872660695,
        0.5784131141805331,
        0.8596507683448898,
        0.4995652889942587,
        0.5126357108139249,
        0.8469340141581505,
        0.49988159881330546,
        0.8607754891152855,
        0.5035832113390118,
        0.4980579300453494,
        0.5022697410325206,
        0.49751901531219905,
        0.9021646701566721,
        0.6757965517479623,
        0.5011734174929803,
        0.8433166853064821,
        0.8606177974769047,
        0.8342096868462383,
        0.5012231936584393,
        0.4987565702860459
    ],
    "V_col_(mL)": [
        159.27874753700252
    ],
    "L_col_(cm)": [
        30
    ],
    "A_col_(cm)": [
        5.3092915845667505
    ],
    "d_col_(cm)": [
        2.6
    ],
    "config": [
        3,
        3,
        3,
        3
    ],
    "e": [
        0.4
    ]
}