{
    "Description": [
        "Beta_is_1 with x_i = 10_Description: Subramani et al (2003) Optimizting the Literature Glu-Fru system. 21 iterations. We placed a upper flowrate constraint of 0.1<Q<2 L/h. This is with the sub-zoning arangement in config 1 in this case, we used measured isotherm data for both components"
    ],
    "m1": [
        0.5080663274920921,
        0.9986191520196459,
        0.5656059364613679,
        0.8129711796681478,
        0.8901841410345022,
        0.40004719897504704,
        0.7644813272333687,
        0.9872585233033522,
        0.5386872334831778,
        0.9770413689586112,
        0.9998283940707619,
        0.999658156605478,
        0.9997811819157115,
        0.999955127042642,
        0.9997157526105351,
        0.9997245952103936,
        0.9997434095937231,
        0.9997288402186263,
        0.9998174540331636,
        0.9998932898119782,
        0.9998237116812099
    ],
    "m2": [
        0.2967386989132676,
        0.21997728278319614,
        0.2789694088682137,
        0.2545751335516426,
        0.34970411998882067,
        0.20024131987183366,
        0.273219331796084,
        0.4316659456834755,
        0.42650193956763816,
        0.24267320894219566,
        0.2001957135626759,
        0.20021530748268557,
        0.20018836230500806,
        0.20004786152107604,
        0.20023372820621987,
        0.20027134812488864,
        0.2002227781082537,
        0.2002109103371095,
        0.20023509801812522,
        0.20007723980026323,
        0.20019180944765663
    ],
    "m3": [
        0.41276171068203416,
        0.5451662590223886,
        0.4208199328547841,
        0.49765949174000945,
        0.49872768880534235,
        0.2881537326129024,
        0.4689485938884296,
        0.5481818199994395,
        0.5431687710095532,
        0.3815671460617837,
        0.28864161081895645,
        0.288576961234159,
        0.2885032612720665,
        0.28813403300048396,
        0.28867067067496427,
        0.2886855204188442,
        0.2886521117842626,
        0.28863929059155297,
        0.2886039447910629,
        0.28801624356088573,
        0.2885941694918408
    ],
    "m4": [
        0.16206913168166395,
        0.3955181720558355,
        0.20721498556166673,
        0.29831720710618703,
        0.3262597867148729,
        0.20011834535178438,
        0.2553812270885347,
        0.2698801995924724,
        0.38297347071762583,
        0.22888924273152303,
        0.20024704546660393,
        0.2002170595678811,
        0.20014396643490825,
        0.20003276968278488,
        0.200192858679215,
        0.20024432990666413,
        0.20020641384339596,
        0.20018553346965196,
        0.20020777679818533,
        0.20008190659608208,
        0.20016418277403494
    ],
    "t_index_min": [
        3.3,
        1.4013367094698057,
        1.4915080069044913,
        2.3340946394780304,
        1.5033930845193024,
        1.4001980798979001,
        1.7178578882021036,
        1.4023811375807433,
        1.4029798849390427,
        1.8206355712642441,
        1.400320841636008,
        1.401934869990619,
        1.4006070252490659,
        1.400504181354961,
        1.4011868729436103,
        1.4005509725458065,
        1.4007603975445528,
        1.400801191009629,
        1.4004477547973277,
        1.4001785142760377,
        1.4006107892586577
    ],
    "Q1_(L/h)": [
        1.2045843563713,
        2.0569622417329847,
        1.3045643947392465,
        1.7343828615264676,
        1.8685470482179862,
        1.0168917945505713,
        1.6501275564639328,
        2.037222168498466,
        1.2577908242408464,
        2.0194689807084014,
        2.059063404198848,
        2.0587676019051644,
        2.058981369003303,
        2.0592836136792045,
        2.058867679936604,
        2.0588830447173,
        2.058915736332708,
        2.0588904207856045,
        2.059044394938993,
        2.0591761661520995,
        2.059055268142739
    ],
    "Q2_(L/h)": [
        0.8373843563712995,
        0.7040047685127782,
        0.8065086807749586,
        0.7641215212895448,
        0.9294163483533072,
        0.6697118290150487,
        0.7965174254190671,
        1.0718320968168424,
        1.0628591903469808,
        0.7434408997069354,
        0.6696325841153858,
        0.6696666302430783,
        0.6696198106705041,
        0.6693756784280387,
        0.6696986378406049,
        0.669764005697274,
        0.6696796110999925,
        0.6696589898230044,
        0.6697010180070554,
        0.6694267257245521,
        0.6696258003784712
    ],
    "Q3_(L/h)": [
        1.0389843563713,
        1.2690486904933453,
        1.0529862131173056,
        1.1865015807594994,
        1.1883576653851968,
        0.8224672362261771,
        1.1366139169362728,
        1.2742884880447578,
        1.2655778826143862,
        0.9847811071057482,
        0.8233149667310231,
        0.8232026324958016,
        0.8230745724486493,
        0.8224330064487994,
        0.8233654607397709,
        0.8233912634518411,
        0.8233332130648621,
        0.823310935135589,
        0.8232495187555952,
        0.822228337127938,
        0.823232533329229
    ],
    "Q4_(L/h)": [
        0.6033843563712997,
        1.0090222192568978,
        0.6818291752348854,
        0.8401271506397916,
        0.8886797951818767,
        0.6694981501692405,
        0.765522178405405,
        0.7907153949254119,
        0.9872247176127984,
        0.7194900683528085,
        0.6697217777302913,
        0.6696696746423749,
        0.6695426690132098,
        0.6693494550560273,
        0.6696276235088912,
        0.6697170592104432,
        0.6696511767769645,
        0.6696148953248404,
        0.6696535450285842,
        0.6694348346852034,
        0.6695777966478558
    ],
    "V_col_(mL)": [
        159.27874753700252
    ],
    "L_col_(cm)": [
        30
    ],
    "A_col_(cm)": [
        5.3092915845667505
    ],
    "d_col_(cm)": [
        2.6
    ],
    "config": [
        3,
        3,
        3,
        3
    ],
    "e": [
        0.4
    ]
}