{
    "Description": [
        "Beta_is_100 with x_i = 0.01_Description: Subramani et al (2003) Optimizting the Literature Glu-Fru system. 51 iterations. We placed a upper flowrate constraint of 0.1<Q<1 L/h. This is with the sub-zoning arangement in config 1 in this case, we used measured isotherm data for both components"
    ],
    "m1": [
        0.5080663274920921,
        0.9976620107277931,
        0.5219486801402893,
        0.5001323855015947,
        0.9999731462223563,
        0.5000000014486715,
        0.5000262986956059,
        0.5000573632116284,
        0.5000284805543698,
        0.5000667255200009,
        0.5000302156092816,
        0.5000173460378927,
        0.5000317514857274,
        0.5000230668781539,
        0.5000389078926571,
        0.500111805136402,
        0.5000359590156852,
        0.5001035513385312,
        0.5000865664227354,
        0.500163572814911,
        0.6119320388923184,
        0.5002513157654379,
        0.5996614321981489,
        0.5108243058962784,
        0.507518864199792,
        0.6353191445222077,
        0.5000015076880884,
        0.6148430363168352,
        0.5214722295904384,
        0.5000620712126378,
        0.6570618495467224,
        0.8985080003402184,
        0.9100580382938003,
        0.7107110444942535,
        0.9576850167501503,
        0.5052153512563871,
        0.7090620199897524,
        0.5090665869613031,
        0.5000470766772026,
        0.9733528598968952,
        0.8440503966005473,
        0.5847563858490997,
        0.5760983729389163,
        0.5052441478062843,
        0.9998602746779396,
        0.5004062507095024,
        0.5061008333222299,
        0.6998889898315179,
        0.501717858042093,
        0.5925866773751299,
        0.5119989973488542
    ],
    "m2": [
        0.2967386989132676,
        0.11722328475742588,
        0.3102464723022984,
        0.40581547764188025,
        0.10001056831404302,
        0.30296603125239346,
        0.40582681846120006,
        0.4058053728777183,
        0.4058463606229969,
        0.4058278735221437,
        0.40585515301813513,
        0.4058217057710654,
        0.40585251628408947,
        0.40584534028414543,
        0.40586152661129155,
        0.40582822435023075,
        0.40585587312110666,
        0.4058623358959194,
        0.405848536972313,
        0.4059322946663349,
        0.22017354741883147,
        0.40594614102064885,
        0.2729237548824769,
        0.39088386525963914,
        0.4093714722573981,
        0.23431199947758333,
        0.1057972419024753,
        0.2001468790663417,
        0.3839680661959125,
        0.40573851326111654,
        0.5244348472255773,
        0.23667207018994588,
        0.4195199554866249,
        0.1572960739373805,
        0.3673057067948228,
        0.14532389715729432,
        0.16117358425938483,
        0.3483609208018641,
        0.10027774258236254,
        0.3180654071873118,
        0.41446604355077044,
        0.23959793919704567,
        0.18731582915239703,
        0.3287821193288854,
        0.4556870206217485,
        0.10112677533036435,
        0.4092956290173958,
        0.16014979271927965,
        0.1403196401241132,
        0.3994825526870093,
        0.3474452558332801
    ],
    "m3": [
        0.41276171068203416,
        0.5377295833400333,
        0.45198839833491544,
        0.5005648149989869,
        0.20003911065398985,
        0.5499999724911522,
        0.5499694954475202,
        0.5499381224834438,
        0.5499735294004199,
        0.5499292568263128,
        0.549966686751039,
        0.5499939424724689,
        0.5499658963959997,
        0.5499834592245388,
        0.5499588187368989,
        0.5499746589919967,
        0.5499645154517425,
        0.549920898700954,
        0.549919311746535,
        0.5498520385423172,
        0.5449817635521049,
        0.5498051313873339,
        0.5215676450788558,
        0.5483665377383832,
        0.5330631527829202,
        0.33925628149006193,
        0.2000042447582347,
        0.3515062731778176,
        0.42236587281550375,
        0.5000425216910759,
        0.5252383114986537,
        0.30703038740151234,
        0.4653136782312212,
        0.5179379393795698,
        0.404037277474305,
        0.3534103066958909,
        0.46262686497944716,
        0.5402900639286871,
        0.5498364386679389,
        0.4752224432155283,
        0.41590538096535346,
        0.4077538916701099,
        0.42509134414039346,
        0.5039989455424874,
        0.5499514782521253,
        0.5489544996009589,
        0.5418715212107468,
        0.20106438088839118,
        0.31915212887649025,
        0.45810034735543853,
        0.5190981491418305
    ],
    "m4": [
        0.16206913168166395,
        0.38330652869063647,
        0.11752841376942916,
        0.10011487766586982,
        0.10001561078205332,
        0.10000019723486868,
        0.10008195071366575,
        0.10018100755172506,
        0.10006966746005093,
        0.10019527140261401,
        0.10008761690186183,
        0.10000688956034921,
        0.100086334813333,
        0.10003919177758887,
        0.10009762093151632,
        0.10010408639432986,
        0.10008426683355451,
        0.10017190993360219,
        0.10025782129247009,
        0.39977393580696463,
        0.16325448121038766,
        0.1001468628891052,
        0.3681563219095495,
        0.11991897959681155,
        0.11383484296541105,
        0.1686844781335464,
        0.10000216834592171,
        0.22328908600674569,
        0.17377474400288745,
        0.10006210017522053,
        0.1825695878275363,
        0.13727609122755302,
        0.30510470834303943,
        0.16373664889708628,
        0.24989693850102418,
        0.29916028736453465,
        0.3251144244686891,
        0.10081106988763078,
        0.1001804696480696,
        0.12983335175818578,
        0.1451191582767267,
        0.2309706177432397,
        0.3490291407191427,
        0.31796669733241156,
        0.10016587019509066,
        0.10061712485601487,
        0.11976657992791731,
        0.1358592396566487,
        0.1584312269796314,
        0.16198743076389688,
        0.10834934939406554
    ],
    "t_index_min": [
        3.3,
        1.5367278923829701,
        1.8470948474234006,
        1.5002230032214514,
        1.5000318978755929,
        3.138331623141421,
        1.50001330155747,
        1.500340308993162,
        1.500002016862896,
        1.500270718061273,
        1.500002546789343,
        1.5000186286834527,
        1.5000016026830363,
        1.5000064786200529,
        1.5000379452370207,
        1.5002250680704328,
        1.5000817352514049,
        1.5001684674533322,
        1.5001585166432214,
        1.5001253032180764,
        4.948978166537257,
        1.500184885074374,
        22.43480197288757,
        7.515827910411498,
        7.67452618563434,
        23.024205581730577,
        7.500046795141397,
        16.645330531481136,
        23.063019581039086,
        7.500235533498369,
        9.324219432716912,
        20.10384941784875,
        19.005230563699595,
        10.087776000615383,
        24.905593984361847,
        16.201357554483216,
        18.13477065953058,
        7.580372173171693,
        7.500810806082532,
        20.67376260121401,
        16.759745201970077,
        23.82311542390436,
        17.770741131215196,
        12.901083688915957,
        7.500688289841318,
        7.502743291398667,
        7.699223830872183,
        23.124487798362292,
        7.610362143184744,
        23.085119930087057,
        7.552008216747273
    ],