{
    "Description": [
        "Beta_is_1 with x_i = 2_Description: Subramani et al (2003) Optimizting the Literature Glu-Fru system. 21 iterations. We placed a upper flowrate constraint of 0.1<Q<2 L/h. This is with the sub-zoning arangement in config 1 in this case, we used measured isotherm data for both components"
    ],
    "rec_raff_vals": [
        [
            0.6819209754324234
        ],
        [
            0.5150970317604935
        ],
        [
            0.5096283751077384
        ],
        [
            0.3456010876726259
        ],
        [
            0.6317269519690872
        ],
        [
            0.5152345152946125
        ],
        [
            0.5773934560327597
        ],
        [
            0.5623269669876909
        ],
        [
            0.39869285585660336
        ],
        [
            0.7703309462648149
        ],
        [
            0.7502787068587365
        ],
        [
            0.7645764633224948
        ],
        [
            0.8104357831516541
        ],
        [
            0.7999340213926286
        ],
        [
            0.8052781352428029
        ],
        [
            0.8104632553106875
        ],
        [
            0.8032923082352588
        ],
        [
            0.8074241062099857
        ],
        [
            0.8043819358699457
        ],
        [
            0.8070241980078384
        ],
        [
            0.8188498999003723
        ]
    ],
    "rec_ext_vals": [
        [
            0.6510536248204264
        ],
        [
            0.9089382559532619
        ],
        [
            0.8934120322366197
        ],
        [
            0.7817951486854118
        ],
        [
            0.7728322788886118
        ],
        [
            0.9129202947982892
        ],
        [
            0.8973050529388545
        ],
        [
            0.8957293478254118
        ],
        [
            0.9272562764285744
        ],
        [
            0.8059615013649165
        ],
        [
            0.8179338758607921
        ],
        [
            0.8271918544341825
        ],
        [
            0.733642455053325
        ],
        [
            0.7341600130790125
        ],
        [
            0.7232757439387799
        ],
        [
            0.7201024736524555
        ],
        [
            0.7207641160133115
        ],
        [
            0.7210722926464764
        ],
        [
            0.7253334594702829
        ],
        [
            0.7096149306349204
        ],
        [
            0.701012357701604
        ]
    ],
    "pur_raff_vals": [
        [
            0.8430362653716836
        ],
        [
            0.8396034581305861
        ],
        [
            0.9275308795339854
        ],
        [
            0.7784620096537835
        ],
        [
            0.8137891446739927
        ],
        [
            0.8414767996237437
        ],
        [
            0.8496426896013636
        ],
        [
            0.8445605891574745
        ],
        [
            0.8247989734015465
        ],
        [
            0.850507700137843
        ],
        [
            0.8485071500148353
        ],
        [
            0.8685989022651216
        ],
        [
            0.8222476276381803
        ],
        [
            0.8218582705098962
        ],
        [
            0.8159314314955708
        ],
        [
            0.8162199919439251
        ],
        [
            0.8143417448010217
        ],
        [
            0.8161756424269416
        ],
        [
            0.8182125323581135
        ],
        [
            0.8116433724874442
        ],
        [
            0.8171533691254657
        ]
    ],
    "pur_ext_vals": [
        [
            0.8869230131826412
        ],
        [
            0.6680026520538883
        ],
        [
            0.6955803053580414
        ],
        [
            0.5880056873373823
        ],
        [
            0.7879520307443353
        ],
        [
            0.6638943107651675
        ],
        [
            0.7035592055524944
        ],
        [
            0.6989187785925878
        ],
        [
            0.6206395104936059
        ],
        [
            0.9197265663365917
        ],
        [
            0.8840451708480578
        ],
        [
            0.9285573172897461
        ],
        [
            0.9552123063353289
        ],
        [
            0.9627045582327484
        ],
        [
            0.9616058147617367
        ],
        [
            0.9652835583538383
        ],
        [
            0.9646777190750075
        ],
        [
            0.9651701758015636
        ],
        [
            0.962096782924167
        ],
        [
            0.9664675246667255
        ],
        [
            0.9652167840836302
        ]
    ]
}