{
    "Description": [
        "Beta_is_10 with x_i = 0.01_Description: Subramani et al (2003) Optimizting the Literature Glu-Fru system. 21 iterations. We placed a upper flowrate constraint of 0.1<Q<1 L/h. This is with the sub-zoning arangement in config 1 in this case, we used measured isotherm data for both components"
    ],
    "rec_raff_vals": [
        [
            0.3189280754903384
        ],
        [
            0.21621392433352377
        ],
        [
            0.3357505098069321
        ],
        [
            0.5436585449181105
        ],
        [
            0.2779775267928246
        ],
        [
            0.013846615980643592
        ],
        [
            0.013954150339617994
        ],
        [
            0.03556429439650764
        ],
        [
            0.41577750453411433
        ],
        [
            0.23992813114054287
        ],
        [
            0.031053297806020935
        ],
        [
            0.5966346729779425
        ],
        [
            0.30068530637813956
        ],
        [
            0.6002519453370272
        ],
        [
            0.5992724207118503
        ],
        [
            0.4122239820691269
        ],
        [
            0.5980866178580259
        ],
        [
            0.41255287043590977
        ],
        [
            0.41090809268484646
        ],
        [
            0.5950250516966905
        ],
        [
            0.599539750772298
        ]
    ],
    "rec_ext_vals": [
        [
            0.3017983193083501
        ],
        [
            0.5910587558150754
        ],
        [
            0.6238866531037568
        ],
        [
            0.09827602429829951
        ],
        [
            0.10577198665087048
        ],
        [
            0.7521151722047338
        ],
        [
            0.7476327216169477
        ],
        [
            0.7253923884929067
        ],
        [
            0.3501485834144273
        ],
        [
            0.64192486467534
        ],
        [
            0.5149397175947502
        ],
        [
            0.22318805737228078
        ],
        [
            0.07881437104580581
        ],
        [
            0.06967297599675626
        ],
        [
            0.2216758064846643
        ],
        [
            0.5810211428211911
        ],
        [
            0.22292948403037577
        ],
        [
            0.5805553992891008
        ],
        [
            0.5833575498624982
        ],
        [
            0.07040056706750085
        ],
        [
            0.07039423792958567
        ]
    ],
    "pur_raff_vals": [
        [
            0.9404503090765549
        ],
        [
            0.7454066454006505
        ],
        [
            0.9043453535770057
        ],
        [
            0.7582356984794698
        ],
        [
            0.7342242815508437
        ],
        [
            0.8434359984317552
        ],
        [
            0.844037657691769
        ],
        [
            0.9058875251740908
        ],
        [
            0.8372046008896207
        ],
        [
            0.9331786208013748
        ],
        [
            0.6947059983699806
        ],
        [
            0.7340784364555131
        ],
        [
            0.7120221174758503
        ],
        [
            0.7240471381564142
        ],
        [
            0.7332910560134391
        ],
        [
            0.7637436194641993
        ],
        [
            0.7339279769770515
        ],
        [
            0.763625872655691
        ],
        [
            0.7640077928421942
        ],
        [
            0.7251873662330364
        ],
        [
            0.7244736616044997
        ]
    ],
    "pur_ext_vals": [
        [
            0.9154499084195223
        ],
        [
            0.6261441888150006
        ],
        [
            0.726069965424188
        ],
        [
            0.9084837286079784
        ],
        [
            0.7856970556966464
        ],
        [
            0.566769939338029
        ],
        [
            0.5682329006431063
        ],
        [
            0.6015366996835484
        ],
        [
            0.9014412456558104
        ],
        [
            0.7056577299874534
        ],
        [
            0.5521702458399923
        ],
        [
            0.93417611648152
        ],
        [
            0.7671097234075583
        ],
        [
            0.9318479697471307
        ],
        [
            0.9344510513356935
        ],
        [
            0.6733180693387346
        ],
        [
            0.9343261615219943
        ],
        [
            0.673600662019544
        ],
        [
            0.6724229332240313
        ],
        [
            0.9312128712188046
        ],
        [
            0.931951541342877
        ]
    ]
}