{
    "Description": [
        "Beta_is_1 with x_i = 100_Description: Subramani et al (2003) Optimizting the Literature Glu-Fru system. 21 iterations. We placed a upper flowrate constraint of 0.1<Q<2 L/h. This is with the sub-zoning arangement in config 1 in this case, we used measured isotherm data for both components"
    ],
    "rec_raff_vals": [
        [
            0.4878937218851326
        ],
        [
            0.42668887401353606
        ],
        [
            0.467270137781906
        ],
        [
            0.563411696099607
        ],
        [
            0.45893882007036846
        ],
        [
            0.4587938357510561
        ],
        [
            0.5567971626121297
        ],
        [
            0.09743769277275638
        ],
        [
            0.557503031524609
        ],
        [
            0.41992678444808723
        ],
        [
            0.08763141754805759
        ],
        [
            0.4613052816827662
        ],
        [
            0.08415727893008065
        ],
        [
            0.532939790709988
        ],
        [
            0.5737187301288306
        ],
        [
            0.0956760861235162
        ],
        [
            0.5896285072442556
        ],
        [
            0.5663398485258484
        ],
        [
            0.5878722082766631
        ],
        [
            0.09298482121757368
        ],
        [
            0.6675173985394698
        ]
    ],
    "rec_ext_vals": [
        [
            0.45685749718862834
        ],
        [
            0.8250328313839238
        ],
        [
            0.7765070614633593
        ],
        [
            0.34506057876295587
        ],
        [
            0.8516692007205339
        ],
        [
            0.8543636230012058
        ],
        [
            0.3537553758265717
        ],
        [
            0.9325047454413277
        ],
        [
            0.36203109695108576
        ],
        [
            0.8280793506356734
        ],
        [
            0.9294380994055134
        ],
        [
            0.7931169031777053
        ],
        [
            0.9334880514456475
        ],
        [
            0.3422844836129665
        ],
        [
            0.5680783411449511
        ],
        [
            0.9345485963549746
        ],
        [
            0.3544402901745751
        ],
        [
            0.3493870152016037
        ],
        [
            0.34325726353997105
        ],
        [
            0.9317418541793605
        ],
        [
            0.34203334745839425
        ]
    ],
    "pur_raff_vals": [
        [
            0.8985841322647495
        ],
        [
            0.8858228290240502
        ],
        [
            0.9388598594054828
        ],
        [
            0.7979873982605654
        ],
        [
            0.9035872832593709
        ],
        [
            0.9044161365893036
        ],
        [
            0.813144544530747
        ],
        [
            0.9803212416504641
        ],
        [
            0.7980206018436152
        ],
        [
            0.8760577017508014
        ],
        [
            0.980231042479113
        ],
        [
            0.8418348230120807
        ],
        [
            0.9801469684040625
        ],
        [
            0.7956076247159427
        ],
        [
            0.8636021688850211
        ],
        [
            0.9803024810640393
        ],
        [
            0.8046784966959456
        ],
        [
            0.7977512144066762
        ],
        [
            0.7987774705972953
        ],
        [
            0.980283789993035
        ],
        [
            0.7882497968325644
        ]
    ],
    "pur_ext_vals": [
        [
            0.9016104667102313
        ],
        [
            0.6774298606895856
        ],
        [
            0.7654053064771077
        ],
        [
            0.872014742643835
        ],
        [
            0.6944229402612949
        ],
        [
            0.6939871069145025
        ],
        [
            0.879393385834017
        ],
        [
            0.5672812702187511
        ],
        [
            0.8624429661416252
        ],
        [
            0.6673987982059337
        ],
        [
            0.5637928991167781
        ],
        [
            0.6771240804786688
        ],
        [
            0.5605222780387374
        ],
        [
            0.8573757745320905
        ],
        [
            0.8008217946083671
        ],
        [
            0.5665748463959913
        ],
        [
            0.8931988145561323
        ],
        [
            0.8718164456702866
        ],
        [
            0.8860432656600482
        ],
        [
            0.5662872719728173
        ],
        [
            0.9306401229611925
        ]
    ]
}