{
    "Description": [
        "Beta_is_1 with x_i = 10_Description: Subramani et al (2003) Optimizting the Literature Glu-Fru system. 21 iterations. We placed a upper flowrate constraint of 0.1<Q<2 L/h. This is with the sub-zoning arangement in config 1 in this case, we used measured isotherm data for both components"
    ],
    "rec_raff_vals": [
        [
            0.6819209754324234
        ],
        [
            0.3760982771527323
        ],
        [
            0.6163860005581454
        ],
        [
            0.5924794023783357
        ],
        [
            0.5743062429187472
        ],
        [
            0.21814671288950113
        ],
        [
            0.6317240968113897
        ],
        [
            0.7619031454892624
        ],
        [
            0.5813288781501946
        ],
        [
            0.4788061072486707
        ],
        [
            0.20383489565608381
        ],
        [
            0.20347129913645798
        ],
        [
            0.2036730808440293
        ],
        [
            0.2025363108496645
        ],
        [
            0.20446827191216685
        ],
        [
            0.20425033186691538
        ],
        [
            0.20412211084520512
        ],
        [
            0.20408615853642512
        ],
        [
            0.2035839947296595
        ],
        [
            0.2023449040898811
        ],
        [
            0.2039449902265573
        ]
    ],
    "rec_ext_vals": [
        [
            0.6510536248204264
        ],
        [
            0.7710592987639678
        ],
        [
            0.6438380321620255
        ],
        [
            0.8092944722668282
        ],
        [
            0.6765792013290155
        ],
        [
            0.5985558698785484
        ],
        [
            0.752694364931473
        ],
        [
            0.5038165161918542
        ],
        [
            0.2833969100585144
        ],
        [
            0.9221578379506365
        ],
        [
            0.9606618913427908
        ],
        [
            0.9619548983582303
        ],
        [
            0.9597160372632358
        ],
        [
            0.9608824286794924
        ],
        [
            0.9567925862424712
        ],
        [
            0.9587573954149967
        ],
        [
            0.9591062427891237
        ],
        [
            0.9589528661929345
        ],
        [
            0.9619734215280482
        ],
        [
            0.9591759715371303
        ],
        [
            0.9592290821696237
        ]
    ],
    "pur_raff_vals": [
        [
            0.8430362653716836
        ],
        [
            0.7093942956191133
        ],
        [
            0.7871843331664481
        ],
        [
            0.8482044109811879
        ],
        [
            0.7568434850654501
        ],
        [
            0.6687548936078479
        ],
        [
            0.8279948824486236
        ],
        [
            0.6909008108687897
        ],
        [
            0.6187130451261712
        ],
        [
            0.9284566647440675
        ],
        [
            0.9326748690273774
        ],
        [
            0.9328468232507995
        ],
        [
            0.9327027445014526
        ],
        [
            0.9327892453654374
        ],
        [
            0.9326880937331653
        ],
        [
            0.9326614042106276
        ],
        [
            0.9326850656955958
        ],
        [
            0.9326783689793942
        ],
        [
            0.9326994764690554
        ],
        [
            0.9327702079298249
        ],
        [
            0.9326778000790871
        ]
    ],
    "pur_ext_vals": [
        [
            0.8869230131826412
        ],
        [
            0.6065715249424548
        ],
        [
            0.774387448763196
        ],
        [
            0.7578796349966979
        ],
        [
            0.7303470158093771
        ],
        [
            0.5494217747602697
        ],
        [
            0.7826372436471788
        ],
        [
            0.8305339476047632
        ],
        [
            0.6490819800304201
        ],
        [
            0.7240215999261397
        ],
        [
            0.5937338793494511
        ],
        [
            0.5933013013128614
        ],
        [
            0.5939744177776914
        ],
        [
            0.5934399839703534
        ],
        [
            0.5946871201939425
        ],
        [
            0.5942064521084474
        ],
        [
            0.5941517284390533
        ],
        [
            0.5940255811275628
        ],
        [
            0.5931344568541712
        ],
        [
            0.5934763404405801
        ],
        [
            0.593921487911968
        ]
    ]
}