{
    "Description": [
        "Beta is 1 Description: Subramani et al (2003) Optimizting the Literature Glu-Fru system. 21 iterations. We placed a upper flowrate constraint of 0.1<Q<15 L/h. This is with the sub-zoning arangement in config 1 in this case, we used measured isotherm data for both components"
    ],
    "m1": [
        0.5080663274920921,
        1.7952841943413296,
        1.534080497470551,
        1.6460006463425862,
        0.8833746229985837,
        1.438325861006029,
        1.0274711266120073,
        0.5268376942561566,
        0.6043767945715799,
        0.9825360327954287,
        0.5258381766107211,
        1.012967211364272,
        0.7263091512085836,
        0.525829728167021,
        0.623716517116978,
        0.5259890214064007,
        0.5264692775022203,
        0.5258047621015814,
        0.5263895265745355,
        0.5256578161729524,
        0.5260935953301048
    ],
    "m2": [
        0.2967386989132676,
        1.6336090063773696,
        0.8332477537125017,
        1.251629202986266,
        0.4000576928451332,
        0.5538619607413725,
        0.4000202160989497,
        0.40006390291309524,
        0.40000006348368355,
        0.40000000313827255,
        0.4000182188380244,
        0.4000100105738118,
        0.40000359990519724,
        0.4000427055782282,
        0.4000015245457523,
        0.4000548711438806,
        0.40012875588444546,
        0.4000011056886073,
        0.40012991728575553,
        0.40000538381593886,
        0.40003479046970075
    ],
    "m3": [
        0.41276171068203416,
        1.792400616860299,
        1.7295479438695314,
        1.5157133827494433,
        0.8834867886179776,
        1.034363412487008,
        1.0274690957480745,
        0.5268590087602237,
        0.6043768024586749,
        0.982536136769572,
        0.525816956880692,
        1.0129809794016795,
        0.726318659598361,
        0.525860392370121,
        0.6237059397663329,
        0.526060444953417,
        0.5266598452228938,
        0.5258873036891605,
        0.5263894594991517,
        0.5256741592163261,
        0.5260295842405928
    ],
    "m4": [
        0.16206913168166395,
        1.6342761357575046,
        1.1084743797162662,
        0.6345724688490146,
        0.20016431194046785,
        0.6154183466664376,
        0.20006839503771184,
        0.2003048768887568,
        0.2000002498988334,
        0.20000049250223279,
        0.20004219423500952,
        0.2000250136112269,
        0.20000740460249658,
        0.20009692992834396,
        0.20000130623536266,
        0.20009491241219132,
        0.2003206673849002,
        0.20017216752459813,
        0.20043371168407556,
        0.20007958403105425,
        0.2002624155118444
    ],
    "t_index_min": [
        3.3,
        2.0322408272651162,
        5.868759765012841,
        3.7960636149828457,
        7.695530627240857,
        4.263795445068956,
        9.992895058525868,
        2.0149761021509462,
        3.2552842901585204,
        9.278555386026447,
        2.002844084356597,
        9.762712898556556,
        5.197220825221818,
        2.0018061280012005,
        3.5630874953795075,
        2.004184681515103,
        2.007010421874751,
        2.0029482611173184,
        2.003036104666847,
        2.000389992100477,
        2.0018880811930666
    ],
    "Q1_(L/h)": [
        1.2045843563713,
        3.4412365342512845,
        2.987372559455512,
        3.181843480944523,
        1.8567149227188038,
        2.8209906114526393,
        2.1070950385734286,
        1.2372012267829862,
        1.3719321080562947,
        2.029016433516385,
        1.2354644785789195,
        2.081893233609333,
        1.58380010495859,
        1.2354497986785793,
        1.4055365457080489,
        1.2357265844348648,
        1.2365610708651102,
        1.2354064179843887,
        1.2364224967428206,
        1.2351510867465592,
        1.2359082906558752
    ],
    "Q2_(L/h)": [
        0.8373843563712995,
        3.1603119366508223,
        1.7696151595423875,
        2.4965890493573815,
        1.0169100285558528,
        1.2841582229888557,
        1.0168449094737377,
        1.016920819085094,
        1.0168098925648013,
        1.0168097877094395,
        1.0168414390604432,
        1.0168271764926986,
        1.0168160374025046,
        1.0168839868856532,
        1.016812431286289,
        1.01690512560631,
        1.0170335067220109,
        1.0168117034858368,
        1.0170355247570588,
        1.016819137101435,
        1.0168702337012219
    ],
    "Q3_(L/h)": [
        1.0389843563713,
        3.4362260694192366,
        3.3270141236011748,
        2.955458111870278,
        1.8569098201665177,
        2.119070980338924,
        2.1070915097720073,
        1.2372382625740281,
        1.3719321217608031,
        2.0290166141804353,
        1.235427607465951,
        2.081917156763016,
        1.5838166266067517,
        1.2355030803789138,
        1.405518166648089,
        1.2358506890142837,
        1.2368921987327812,
        1.235549841119181,
        1.2364223801935503,
        1.2351794841954264,
        1.2357970658613375
    ],
    "Q4_(L/h)": [
        0.6033843563712997,
        3.1614711315466013,
        2.2478451844010925,
        1.4243996991102412,
        0.6695780210856848,
        1.3911177581130239,
        0.6694113571859909,
        0.6698222648192601,
        0.6692929491237585,
        0.6692933706681107,
        0.669365831029203,
        0.669335978212061,
        0.6693053810390872,
        0.6694609390220744,
        0.669294784599679,
        0.6694574334135733,
        0.6698497021696096,
        0.6695916708413368,
        0.6700461263993062,
        0.6694307990279448,
        0.6697484845108967
    ],
    "V_col_(mL)": [
        159.27874753700252
    ],
    "L_col_(cm)": [
        30
    ],
    "A_col_(cm)": [
        5.3092915845667505
    ],
    "d_col_(cm)": [
        2.6
    ],
    "config": [
        3,
        3,
        3,
        3
    ],
    "e": [
        0.4
    ]
}