{
    "Description": [
        "Beta is 1 Description: Subramani et al (2003) Optimizting the Literature Glu-Fru system. 21 iterations. We placed a upper flowrate constraint of 0.1<Q<15 L/h. This is with the sub-zoning arangement in config 1 in this case, we used measured isotherm data for both components"
    ],
    "rec_raff_vals": [
        [
            0.8914860511800833
        ],
        [
            0.5315382013101524
        ],
        [
            0.5825001714762688
        ],
        [
            0.9004320819597479
        ],
        [
            0.9984587909591901
        ],
        [
            0.6352576058835872
        ],
        [
            0.9990493937925672
        ],
        [
            0.9800902928778228
        ],
        [
            0.9913904490987355
        ],
        [
            0.9989294306890042
        ],
        [
            0.979732912455821
        ],
        [
            0.9990064653982186
        ],
        [
            0.9966875442083349
        ],
        [
            0.97968800218164
        ],
        [
            0.9928242460388268
        ],
        [
            0.9798561292019986
        ],
        [
            0.9798128614706015
        ],
        [
            0.9796945404256093
        ],
        [
            0.979756588738662
        ],
        [
            0.9795654697032828
        ],
        [
            0.9796647281287207
        ]
    ],
    "rec_ext_vals": [
        [
            0.8368088450568005
        ],
        [
            0.45667553719490706
        ],
        [
            0.3751192506625676
        ],
        [
            0.040788475213502186
        ],
        [
            0.3295080115810709
        ],
        [
            0.22835856514861996
        ],
        [
            0.26164947692760565
        ],
        [
            0.47243239068240156
        ],
        [
            0.5503519382980141
        ],
        [
            0.276264408372135
        ],
        [
            0.472607430379289
        ],
        [
            0.2679481496824716
        ],
        [
            0.453371802236462
        ],
        [
            0.4726019236764131
        ],
        [
            0.5444237064139847
        ],
        [
            0.4717858635407338
        ],
        [
            0.4726000272013442
        ],
        [
            0.47273139274423737
        ],
        [
            0.4720665741836955
        ],
        [
            0.473355278810964
        ],
        [
            0.4726995647276722
        ]
    ],
    "pur_raff_vals": [
        [
            0.8430362653716836
        ],
        [
            0.5149651869878893
        ],
        [
            0.4870418845910875
        ],
        [
            0.4870481497969633
        ],
        [
            0.6145872328384658
        ],
        [
            0.4584281534525048
        ],
        [
            0.5894058779881439
        ],
        [
            0.6912278550452231
        ],
        [
            0.7149215882566333
        ],
        [
            0.5949055264906545
        ],
        [
            0.691055191067225
        ],
        [
            0.5915316786486869
        ],
        [
            0.6658473018300305
        ],
        [
            0.6910032231270677
        ],
        [
            0.7106406669336232
        ],
        [
            0.6909304386843785
        ],
        [
            0.6910220340123534
        ],
        [
            0.6911834641329645
        ],
        [
            0.6909486483731264
        ],
        [
            0.6912360218984476
        ],
        [
            0.6909547029024271
        ]
    ],
    "pur_ext_vals": [
        [
            0.8869230131826412
        ],
        [
            0.47320278991946274
        ],
        [
            0.46868418531158135
        ],
        [
            0.2882582572697105
        ],
        [
            0.9950163598505343
        ],
        [
            0.37845961631444464
        ],
        [
            0.9961603874364806
        ],
        [
            0.9516710652319623
        ],
        [
            0.9825175462284336
        ],
        [
            0.9958938038673714
        ],
        [
            0.9508997534078132
        ],
        [
            0.9960805973146422
        ],
        [
            0.9920785566590615
        ],
        [
            0.9508045127677377
        ],
        [
            0.985363797221437
        ],
        [
            0.9510634560879409
        ],
        [
            0.9510936066923951
        ],
        [
            0.9508046885865329
        ],
        [
            0.9508774301641587
        ],
        [
            0.9506073199876772
        ],
        [
            0.9507787818362107
        ]
    ]
}