{
    "Description": [
        "Beta is 1000 Description: Subramani et al (2003) Optimizting the Literature Glu-Fru system. 21 iterations. We placed a upper flowrate constraint of 0.1<Q<15 L/h. This is with the sub-zoning arangement in config 1 in this case, we used measured isotherm data for both components"
    ],
    "rec_raff_vals": [
        [
            0.8914860511800821
        ],
        [
            0.5302078245485292
        ],
        [
            0.9271588351738714
        ],
        [
            0.9990366840346832
        ],
        [
            0.9796706605489107
        ],
        [
            0.9959296662751371
        ],
        [
            0.9796752905102895
        ],
        [
            0.97967529841226
        ],
        [
            0.9796169216257051
        ],
        [
            0.9796753018657426
        ],
        [
            0.9796752959832938
        ],
        [
            0.9796752170100264
        ],
        [
            0.9796758636486896
        ],
        [
            0.9796167503757485
        ],
        [
            0.9796759017639879
        ],
        [
            0.9796642366516555
        ],
        [
            0.9796168692366881
        ],
        [
            0.9796755790701029
        ],
        [
            0.9796645969327982
        ],
        [
            0.9796292150351655
        ],
        [
            0.9796708785454759
        ]
    ],
    "rec_ext_vals": [
        [
            0.8368088450568011
        ],
        [
            0.45965534066697084
        ],
        [
            0.07894464513501467
        ],
        [
            0.19595738264928536
        ],
        [
            0.47237687863188577
        ],
        [
            0.48308002040381703
        ],
        [
            0.4723375408359972
        ],
        [
            0.4723375384280578
        ],
        [
            0.47288242174270995
        ],
        [
            0.4723376002944479
        ],
        [
            0.4723375225375472
        ],
        [
            0.47233741545529234
        ],
        [
            0.47233023099047744
        ],
        [
            0.47288402401258306
        ],
        [
            0.4723302264067662
        ],
        [
            0.4724330392640242
        ],
        [
            0.4728811101096363
        ],
        [
            0.47233401093545835
        ],
        [
            0.47243102904827766
        ],
        [
            0.4727452722554292
        ],
        [
            0.4723781709677404
        ]
    ],
    "pur_raff_vals": [
        [
            0.8430362653716833
        ],
        [
            0.5199395826248201
        ],
        [
            0.5096530022394129
        ],
        [
            0.5646490201440418
        ],
        [
            0.6909673093023934
        ],
        [
            0.6796720534911511
        ],
        [
            0.6909577266676572
        ],
        [
            0.6909577173331366
        ],
        [
            0.6910971485616717
        ],
        [
            0.6909577331131258
        ],
        [
            0.6909577105185337
        ],
        [
            0.690957922331988
        ],
        [
            0.6909553660786758
        ],
        [
            0.6910980794990991
        ],
        [
            0.6909554253519264
        ],
        [
            0.6909815463064998
        ],
        [
            0.6910968998503821
        ],
        [
            0.690956576738185
        ],
        [
            0.6909811119357436
        ],
        [
            0.6910508801368622
        ],
        [
            0.6909676974280657
        ]
    ],
    "pur_ext_vals": [
        [
            0.8869230131826408
        ],
        [
            0.46989838077262813
        ],
        [
            0.5121110344976615
        ],
        [
            0.9948947039352728
        ],
        [
            0.9507293457419723
        ],
        [
            0.9908061194822492
        ],
        [
            0.9507349451833964
        ],
        [
            0.9507349653661367
        ],
        [
            0.9506696023618203
        ],
        [
            0.9507349816548528
        ],
        [
            0.950734958160984
        ],
        [
            0.9507347058082108
        ],
        [
            0.9507354374542769
        ],
        [
            0.9506692971041076
        ],
        [
            0.950735513251834
        ],
        [
            0.9507216701859418
        ],
        [
            0.9506692871815036
        ],
        [
            0.9507352128324676
        ],
        [
            0.9507222348861114
        ],
        [
            0.9506828419354374
        ],
        [
            0.9507300162184203
        ]
    ]
}