{
    "Description": [
        "Beta is 1000 Description: Subramani et al (2003) Optimizting the Literature Glu-Fru system. 21 iterations. We placed a upper flowrate constraint of 0.1<Q<15 L/h. This is with the sub-zoning arangement in config 1 in this case, we used measured isotherm data for both components"
    ],
    "m1": [
        0.5080663274920921,
        1.7985020544221824,
        1.472551553594485,
        1.3920124865339918,
        0.5255668837394324,
        0.6931506071728202,
        0.5255662303450006,
        0.5255662558190746,
        0.5255688691624651,
        0.525566290988872,
        0.5255662513653067,
        0.5255660197038646,
        0.5255666234470043,
        0.5255683079114302,
        0.525566491037885,
        0.5255684808266643,
        0.5255680903044533,
        0.525567174018464,
        0.5255675179764663,
        0.5255718106620603,
        0.5255670590670823
    ],
    "m2": [
        0.2967386989132676,
        1.6697139914959205,
        0.5606064938402023,
        0.40131648547527987,
        0.40000051839570006,
        0.40000005664138877,
        0.40000005538531536,
        0.40000006368323315,
        0.40000020664524444,
        0.4000000679067351,
        0.40000006268336663,
        0.40000036295172553,
        0.40000024828242237,
        0.4000001291040478,
        0.40000021562684684,
        0.4000002887053258,
        0.4000002071235095,
        0.400000284276418,
        0.40000027354681034,
        0.40000117764296733,
        0.4000002224042559
    ],
    "m3": [
        0.41276171068203416,
        1.7987862772171206,
        1.3877324655269476,
        1.2900272378727733,
        0.5255671730599523,
        0.6931505307776773,
        0.5255662263890936,
        0.5255662621657635,
        0.5255687435252395,
        0.5255662673341561,
        0.5255662719499498,
        0.5255660211346014,
        0.5255668433994326,
        0.5255684468717995,
        0.5255665578794007,
        0.5255687182941418,
        0.5255681792920943,
        0.5255672160605208,
        0.5255678025903601,
        0.525572281761942,
        0.52556707767256
    ],
    "m4": [
        0.16206913168166395,
        1.6705698624135035,
        0.38122610546476265,
        0.2027661328717818,
        0.20000259555758315,
        0.20000257563993715,
        0.20000032167576606,
        0.2000002732665431,
        0.2000019486794323,
        0.20000023440646025,
        0.20000028676126716,
        0.20000169723249617,
        0.20000166395999916,
        0.2000042518426967,
        0.20000152785733494,
        0.20000400897675966,
        0.20000325193977764,
        0.20000133129061864,
        0.20000275252136848,
        0.20000642508953598,
        0.20000109540141914
    ],
    "t_index_min": [
        3.3,
        2.008252781263848,
        2.3076280746888758,
        9.999473037253034,
        2.0000021310981655,
        4.669262064799428,
        2.0000000412403844,
        2.000000057378556,
        2.000025552552275,
        2.0000000613043616,
        2.000000049471094,
        2.000003967874114,
        2.0000000455922904,
        2.000039674186737,
        2.0000000315987907,
        2.000002898080781,
        2.0000288214431308,
        2.000003408872375,
        2.0000009354004638,
        2.0000256910025693,
        2.0000057214925757
    ],
    "Q1_(L/h)": [
        1.2045843563713,
        3.4468278439614033,
        2.8804607072607378,
        2.7405171247604394,
        1.234993083792506,
        1.5261842718949503,
        1.2349919484632688,
        1.2349919927266715,
        1.2349965336364404,
        1.234992053837231,
        1.2349919849878654,
        1.2349915824561088,
        1.2349926315119393,
        1.2349955584143104,
        1.2349924014396627,
        1.2349958588694585,
        1.2349951803034005,
        1.2349935881773852,
        1.23499418583411,
        1.2350016447459464,
        1.2349933884394348
    ],
    "Q2_(L/h)": [
        0.8373843563712995,
        3.2230474654820034,
        1.2958774315492574,
        1.019097289430819,
        1.0168106830137056,
        1.0168098806757233,
        1.0168098784931874,
        1.016809892911536,
        1.0168101413203734,
        1.016809900250235,
        1.0168098911741816,
        1.016810412916379,
        1.0168102136685648,
        1.0168100065858496,
        1.016810156926683,
        1.0168102839068496,
        1.0168101421514002,
        1.0168102762112399,
        1.0168102575676201,
        1.0168118285127496,
        1.0168101687030164
    ],
    "Q3_(L/h)": [
        1.0389843563713,
        3.447321705606486,
        2.733080218737523,
        2.5633089501348905,
        1.2349935865118882,
        1.5261841391517936,
        1.2349919415895387,
        1.2349920037545916,
        1.2349963153309138,
        1.23499201273512,
        1.2349920207554599,
        1.2349915849421376,
        1.2349930136982734,
        1.2349957998699497,
        1.2349925175825671,
        1.234996271489703,
        1.23499533492711,
        1.2349936612290886,
        1.2349946803753233,
        1.2350024633226642,
        1.2349934207680586
    ],
    "Q4_(L/h)": [
        0.6033843563712997,
        3.2245346150944325,
        0.9841885196240814,
        0.6740989095866511,
        0.6692970249083529,
        0.6692969902997233,
        0.6692930738423761,
        0.6692929897271716,
        0.6692959009017164,
        0.6692929222044227,
        0.6692930131754197,
        0.6692954639909556,
        0.6692954061771195,
        0.669299902846736,
        0.6692951696869898,
        0.669299480846202,
        0.6692981654290857,
        0.6692948281353494,
        0.6692972976464816,
        0.6693036790507503,
        0.6692944182574991
    ],
    "V_col_(mL)": [
        159.27874753700252
    ],
    "L_col_(cm)": [
        30
    ],
    "A_col_(cm)": [
        5.3092915845667505
    ],
    "d_col_(cm)": [
        2.6
    ],
    "config": [
        3,
        3,
        3,
        3
    ],
    "e": [
        0.4
    ]
}