{
    "Description": [
        "Description: Beta = 10, Subramani et al (2003) Optimizting the Literature Glu-Fru system. 21 iterations. We placed a upper flowrate constraint of 0.1<Q<15 L/h. This is with the sub-zoning arangement in config 1 in this case, we used measured isotherm data for both components"
    ],
    "rec_raff_vals": [
        [
            0.8914860511800833
        ],
        [
            0.5468035036582279
        ],
        [
            0.5296775407956056
        ],
        [
            0.5149641281569612
        ],
        [
            0.9878168171898953
        ],
        [
            0.8600165156277155
        ],
        [
            0.9986590135726113
        ],
        [
            0.9793148924806764
        ],
        [
            0.9984568698761207
        ],
        [
            0.9910143185861042
        ],
        [
            0.9990474609665208
        ],
        [
            0.9990393170368356
        ],
        [
            0.9990130027941256
        ],
        [
            0.9990092748435361
        ],
        [
            0.9990435817684463
        ],
        [
            0.9990463133309265
        ],
        [
            0.9990360216611314
        ],
        [
            0.9990388432638078
        ],
        [
            0.9990529538207356
        ],
        [
            0.9990516192022116
        ],
        [
            0.9990418771886277
        ]
    ],
    "rec_ext_vals": [
        [
            0.8368088450568005
        ],
        [
            0.4429976761043144
        ],
        [
            0.39450081759200056
        ],
        [
            0.4455966737225971
        ],
        [
            0.09867839018757067
        ],
        [
            0.01770122175533078
        ],
        [
            0.309434496831951
        ],
        [
            0.4786593737974784
        ],
        [
            0.33092781844350744
        ],
        [
            0.5453520138813291
        ],
        [
            0.2610045834744707
        ],
        [
            0.2607639523300345
        ],
        [
            0.2625006272651822
        ],
        [
            0.26281926697482544
        ],
        [
            0.26117658625767076
        ],
        [
            0.2613283445202787
        ],
        [
            0.2613420310581987
        ],
        [
            0.2607614875083121
        ],
        [
            0.2611881102817268
        ],
        [
            0.2608332766232753
        ],
        [
            0.26180596817464785
        ]
    ],
    "pur_raff_vals": [
        [
            0.8430362653716836
        ],
        [
            0.519590155145609
        ],
        [
            0.47229500540119773
        ],
        [
            0.48705880781164423
        ],
        [
            0.5376891594633144
        ],
        [
            0.4728065499643945
        ],
        [
            0.6070227608498582
        ],
        [
            0.6926531710022692
        ],
        [
            0.6151338976828772
        ],
        [
            0.7138771632580199
        ],
        [
            0.5891534153196959
        ],
        [
            0.5890759126123166
        ],
        [
            0.5896693982293177
        ],
        [
            0.5897719937263283
        ],
        [
            0.58917106209571
        ],
        [
            0.5892815507738601
        ],
        [
            0.5892962677724557
        ],
        [
            0.5890755869042331
        ],
        [
            0.5892391969816533
        ],
        [
            0.5890705459319171
        ],
        [
            0.5894068995911972
        ]
    ],
    "pur_ext_vals": [
        [
            0.8869230131826412
        ],
        [
            0.4701251456339485
        ],
        [
            0.4505005359910562
        ],
        [
            0.4733184950599163
        ],
        [
            0.8841572664409105
        ],
        [
            0.10988136497148165
        ],
        [
            0.9953923953926777
        ],
        [
            0.9507092707327317
        ],
        [
            0.9950305383320467
        ],
        [
            0.9814891689842767
        ],
        [
            0.9961437869425389
        ],
        [
            0.9961073183612396
        ],
        [
            0.9960269697376934
        ],
        [
            0.9960168563039742
        ],
        [
            0.9961312846035445
        ],
        [
            0.996143568904577
        ],
        [
            0.9961021137971942
        ],
        [
            0.9961053598874183
        ],
        [
            0.9961682387038447
        ],
        [
            0.9961584834469431
        ],
        [
            0.9961332199797114
        ]
    ]
}