{
    "Description": [
        "Description: Subramani et al (2003) Optimizting the Literature Glu-Fru system. 21 iterations. We placed a upper flowrate constraint of 0.1<Q<15 L/h. This is with the sub-zoning arangement in config 1 in this case, we used measured isotherm data for both components"
    ],
    "m1": [
        0.5080663274920921,
        1.793904753093042,
        1.673093852815482,
        1.711604478183359,
        1.3550335614931304,
        1.3951555686657058,
        0.9190900379421266,
        0.5327550331957915,
        0.8821910380982313,
        0.5976636355355985,
        1.0278386499104648,
        1.0278440121953882,
        1.0278402647610558,
        1.0278924436149282,
        1.0278494760523562,
        1.0278431042675704,
        1.0278519598059168,
        1.0278414560334252,
        1.0278475480382576,
        1.0278409404866935,
        1.027834102307342
    ],
    "m2": [
        0.2967386989132676,
        1.666865118247771,
        0.6804477370126589,
        0.9520833521799417,
        0.4852375584373638,
        0.7096486196127327,
        0.40000004496674646,
        0.40183214999462286,
        0.40000047568321667,
        0.4000004199953298,
        0.4000091303855247,
        0.4000065690621733,
        0.40001208377974173,
        0.40004545756818544,
        0.40000195679767747,
        0.4000114327345654,
        0.40000638828060947,
        0.40000797454071074,
        0.40002008211753953,
        0.4000116860989358,
        0.40000803540705065
    ],
    "m3": [
        0.41276171068203416,
        1.798579878225946,
        1.3964810269811756,
        1.7095954447892372,
        1.3361523848331704,
        1.2998860033587831,
        0.919090049315819,
        0.5292251247455354,
        0.8821906577277548,
        0.5976635274220744,
        1.0278411367974432,
        1.0278421653315222,
        1.0278493050766164,
        1.027892375507265,
        1.0278505127307942,
        1.0278429515649528,
        1.027831922118148,
        1.027840390818245,
        1.0278480568992878,
        1.0278417021230368,
        1.0278349765306598
    ],
    "m4": [
        0.16206913168166395,
        1.6636373018340143,
        0.9107535698813486,
        1.2057421400010746,
        0.26602529192234936,
        0.5065099627784492,
        0.20000011494136924,
        0.2041047884895074,
        0.20000033327262542,
        0.2000013635464768,
        0.2001542932923638,
        0.20045487325701086,
        0.20108620056332174,
        0.20115949391364457,
        0.2002550211061542,
        0.20017626456768495,
        0.20048872412843038,
        0.20046924704950492,
        0.200008495435847,
        0.20001720499293377,
        0.20023866795519327
    ],
    "t_index_min": [
        3.3,
        2.013467202327171,
        3.1425829815444666,
        5.708882381992138,
        4.523587003340596,
        7.991899925016318,
        8.267998905922918,
        2.0152890176229956,
        7.68024471940227,
        3.148336589136072,
        9.999565756958196,
        9.999894998590062,
        9.999454986648256,
        9.9985738552404,
        9.999778358701267,
        9.999653352301818,
        9.99973818764187,
        9.999788654052745,
        9.999301475433647,
        9.999549614382365,
        9.999709507157457
    ],
    "Q1_(L/h)": [
        1.2045843563713,
        3.438839635985887,
        3.228920266331042,
        3.295835802790629,
        2.6762630498610966,
        2.745978501327843,
        1.9187735397366787,
        1.2474831140745166,
        1.8546583417675475,
        1.3602674146388276,
        2.107733642035272,
        2.107742959468289,
        2.107736447977595,
        2.1078271132411515,
        2.1077524533915026,
        2.1077413818653175,
        2.1077567691277532,
        2.1077385179161876,
        2.1077491033005473,
        2.1077376221092305,
        2.1077257401822207
    ],
    "Q2_(L/h)": [
        0.8373843563712995,
        3.218097302250837,
        1.5041119382669252,
        1.976102271760976,
        1.1649173991765878,
        1.5548509928943595,
        1.0168098603900244,
        1.0199933010539852,
        1.016810608797078,
        1.0168105120345665,
        1.0168256470895574,
        1.0168211965690979,
        1.016830778866996,
        1.0168887687058017,
        1.0168131823613282,
        1.0168296476197927,
        1.0168208824455225,
        1.0168236387094012,
        1.0168446766694703,
        1.016830087862261,
        1.0168237444699215
    ],
    "Q3_(L/h)": [
        1.0389843563713,
        3.4469630695394984,
        2.748281599586758,
        3.292344933814894,
        2.643455375274661,
        2.5804394063407745,
        1.9187735594994513,
        1.2413495933813123,
        1.8546576808410047,
        1.360267226782245,
        2.1077379632161066,
        2.107739750382869,
        2.1077521563063932,
        2.1078269948982067,
        2.107754254709792,
        2.107741116531336,
        2.107721951915266,
        2.1077366670128446,
        2.107749987490521,
        2.107738945518134,
        2.1077272592207135
    ],
    "Q4_(L/h)": [
        0.6033843563712997,
        3.2124886925527005,
        1.9042882067373736,
        2.4168563156799325,
        0.7840171600283066,
        1.2018800383098471,
        0.6692927146235128,
        0.6764249392976478,
        0.6692930939929204,
        0.6692948841826877,
        0.6695606128196262,
        0.670082896459303,
        0.6711798821607768,
        0.6713072356848738,
        0.6697356360926009,
        0.6695987898074256,
        0.6701417152709692,
        0.6701078721647482,
        0.6693072764562127,
        0.6693224100636059,
        0.6697072210809282
    ],
    "V_col_(mL)": [
        159.27874753700252
    ],
    "L_col_(cm)": [
        30
    ],
    "A_col_(cm)": [
        5.3092915845667505
    ],
    "d_col_(cm)": [
        2.6
    ],
    "config": [
        3,
        3,
        3,
        3
    ],
    "e": [
        0.4
    ]
}