{
    "Description": [
        "Beta is 1 Description: Subramani et al (2003) Optimizting the Literature Glu-Fru system. 21 iterations. We placed a upper flowrate constraint of 0.1<Q<15 L/h. This is with the sub-zoning arangement in config 1 in this case, we used measured isotherm data for both components"
    ],
    "rec_raff_vals": [
        [
            0.8914860511800833
        ],
        [
            0.5408217539709149
        ],
        [
            0.9252378788541571
        ],
        [
            0.9863684597032484
        ],
        [
            0.9311151137838121
        ],
        [
            0.9797849878464422
        ],
        [
            0.9949873308328053
        ],
        [
            0.9949837559078664
        ],
        [
            0.9883621116161408
        ],
        [
            0.9869767569490688
        ],
        [
            0.9797772868234887
        ],
        [
            0.9796370461051679
        ],
        [
            0.9797040642562617
        ],
        [
            0.9796861617147886
        ],
        [
            0.9796058976757379
        ],
        [
            0.979582352171681
        ],
        [
            0.9845588368923003
        ],
        [
            0.9796956713396069
        ],
        [
            0.9796311893705939
        ],
        [
            0.9796051307623139
        ],
        [
            0.9796747132052029
        ]
    ],
    "rec_ext_vals": [
        [
            0.8368088450568005
        ],
        [
            0.44880109786735584
        ],
        [
            0.07693022474032424
        ],
        [
            0.0006391335263218205
        ],
        [
            0.16139376869632494
        ],
        [
            0.4717289465607531
        ],
        [
            0.5119501004316
        ],
        [
            0.5122677305744279
        ],
        [
            0.5394892552625465
        ],
        [
            0.5315011966173852
        ],
        [
            0.47138418979575797
        ],
        [
            0.47233257667007267
        ],
        [
            0.47240664537282473
        ],
        [
            0.4719476730161639
        ],
        [
            0.4732411971273223
        ],
        [
            0.47323254741561543
        ],
        [
            0.514805758885004
        ],
        [
            0.47225820775028904
        ],
        [
            0.47279256307233586
        ],
        [
            0.4733409182815385
        ],
        [
            0.4726470485327893
        ]
    ],
    "pur_raff_vals": [
        [
            0.8430362653716836
        ],
        [
            0.5193100747386545
        ],
        [
            0.5131141459531793
        ],
        [
            0.5096706996823014
        ],
        [
            0.5412918825584092
        ],
        [
            0.6908119973912871
        ],
        [
            0.6935250767895643
        ],
        [
            0.6936321466158828
        ],
        [
            0.7134965926526645
        ],
        [
            0.711096663073063
        ],
        [
            0.6908161728038084
        ],
        [
            0.6909662702345067
        ],
        [
            0.6910171996419716
        ],
        [
            0.6908805773457233
        ],
        [
            0.6912332902974369
        ],
        [
            0.6913161070614
        ],
        [
            0.705584064238567
        ],
        [
            0.6910054453437905
        ],
        [
            0.6910757389734037
        ],
        [
            0.6913021780682779
        ],
        [
            0.6911067874717293
        ]
    ],
    "pur_ext_vals": [
        [
            0.8869230131826412
        ],
        [
            0.4702493387531607
        ],
        [
            0.49461643540360567
        ],
        [
            0.04262306198535778
        ],
        [
            0.6879402777841253
        ],
        [
            0.9509109529909151
        ],
        [
            0.9892487044393212
        ],
        [
            0.9892492463821416
        ],
        [
            0.9755803067397485
        ],
        [
            0.9721686573792071
        ],
        [
            0.9508272455744006
        ],
        [
            0.9506421761851055
        ],
        [
            0.9508025731452366
        ],
        [
            0.950704166286785
        ],
        [
            0.9506813035012766
        ],
        [
            0.9506062006686639
        ],
        [
            0.9657878958499001
        ],
        [
            0.95075752925436
        ],
        [
            0.9506909162327153
        ],
        [
            0.9506831251866233
        ],
        [
            0.9507590443582196
        ]
    ]
}