{
    "Description": [
        "Beta is 1 Description: Subramani et al (2003) Optimizting the Literature Glu-Fru system. 21 iterations. We placed a upper flowrate constraint of 0.1<Q<15 L/h. This is with the sub-zoning arangement in config 1 in this case, we used measured isotherm data for both components"
    ],
    "m1": [
        0.5080663274920921,
        1.7973902499477774,
        0.9400913691970867,
        1.289720843114948,
        1.0265664510064487,
        0.526344438001919,
        0.6657636719856055,
        0.6658454909623843,
        0.5737750674107246,
        0.5634355267495972,
        0.5259367852104596,
        0.5261157309963579,
        0.5261699323565265,
        0.5263475892542414,
        0.5258549224775126,
        0.525657846882544,
        0.5487453465329235,
        0.5258698827232023,
        0.5257957500434537,
        0.5258684586755847,
        0.5258431670349522
    ],
    "m2": [
        0.2967386989132676,
        1.6674332689759392,
        0.5063326427740966,
        0.9605907364561175,
        0.4881598471155525,
        0.4000042298604833,
        0.40000304230927036,
        0.4000011425222758,
        0.4000524437266474,
        0.4000046186154929,
        0.4000850950234153,
        0.4000741331161261,
        0.40013037721740546,
        0.40017033717036465,
        0.4000489923114262,
        0.4000346727530381,
        0.400000651129828,
        0.4000628464272246,
        0.400042083137397,
        0.40005843734904795,
        0.4000525839075723
    ],
    "m3": [
        0.41276171068203416,
        1.797456767393673,
        1.199163133950589,
        1.6888433255911277,
        0.9463697988125623,
        0.5264253714068373,
        0.6657627027271845,
        0.6658438098948753,
        0.5739290672903853,
        0.5634224270189266,
        0.5260355117983794,
        0.5261470927525572,
        0.525847143804779,
        0.526219037495197,
        0.525657646307411,
        0.5256113444061865,
        0.5487492853863973,
        0.5258223931414512,
        0.5257401974514789,
        0.5258069316039009,
        0.5258005942287153
    ],
    "m4": [
        0.16206913168166395,
        1.663058739443149,
        0.3913262577694413,
        0.33485540759018706,
        0.34337824792793503,
        0.20019496082341792,
        0.20000798887805213,
        0.2000033369854973,
        0.2001012716484977,
        0.20002474463058534,
        0.20028266738507103,
        0.20047826417428952,
        0.20023379038391365,
        0.20070568189485707,
        0.20012975238779163,
        0.20012234771607337,
        0.20000206097144174,
        0.20015474612324438,
        0.20016174161644057,
        0.20004987598371055,
        0.2000246918014094
    ],
    "t_index_min": [
        3.3,
        2.015585651444223,
        6.464804397482077,
        4.296476656998526,
        4.2884337533274195,
        2.001975684012905,
        4.232739844282388,
        4.234254514394447,
        2.766485801211769,
        2.6028196939835126,
        2.001022320697231,
        2.000748451007073,
        2.0005525378187863,
        2.0012771004949608,
        2.0006449271055216,
        2.0000638598786717,
        2.369154565833118,
        2.00049224464145,
        2.000602193731787,
        2.0005806183836095,
        2.000539455816617
    ],
    "Q1_(L/h)": [
        1.2045843563713,
        3.444895987697521,
        1.9552651659792215,
        2.5627765627900363,
        2.105523086602003,
        1.2363441514550977,
        1.4785971075077147,
        1.4787392750438537,
        1.3187589650601117,
        1.3007931204788867,
        1.2356358195345127,
        1.2359467532871118,
        1.236040932829975,
        1.236349627028077,
        1.2354935759682537,
        1.235151140107126,
        1.2752676640497453,
        1.2355195706867588,
        1.23539075875532,
        1.2355170962810755,
        1.235473149871878
    ],
    "Q2_(L/h)": [
        0.8373843563712995,
        3.219084513193326,
        1.2015719294930485,
        1.9908845864408882,
        1.1699951280558982,
        1.0168171320042023,
        1.0168150685314403,
        1.0168117674875161,
        1.0169009077592919,
        1.0168178074995955,
        1.0169576422064335,
        1.016938594946103,
        1.0170363239280096,
        1.0171057577962892,
        1.016894910627361,
        1.0168700291583572,
        1.0168109136507126,
        1.0169189833496803,
        1.0168829053409694,
        1.0169113221956827,
        1.0169011513357515
    ],
    "Q3_(L/h)": [
        1.0389843563713,
        3.4450115675026654,
        2.4054247246570992,
        3.2562863350372924,
        1.966174479495427,
        1.236484780233672,
        1.4785954233375258,
        1.4787363540439191,
        1.319026553146874,
        1.3007703585658583,
        1.235807365504758,
        1.236001247046181,
        1.2354800598527937,
        1.2361262572479939,
        1.2351507915905153,
        1.2350703380395813,
        1.275274508147724,
        1.2354370534383694,
        1.2352942313305324,
        1.2354101876819765,
        1.2353991759454428
    ],
    "Q4_(L/h)": [
        0.6033843563712997,
        3.2114833904473654,
        1.0017384062679597,
        0.9036154285708543,
        0.9184245994921745,
        0.6696312761659359,
        0.6693063962683095,
        0.6692983132033662,
        0.6694684831356915,
        0.6693355108349736,
        0.6697836738891092,
        0.6701235401975707,
        0.6696987458797159,
        0.6705186981215678,
        0.6695179708791498,
        0.6695051046227439,
        0.6692960960187777,
        0.669561399652377,
        0.6695735549257738,
        0.6693791787307884,
        0.6693354190397193
    ],
    "V_col_(mL)": [
        159.27874753700252
    ],
    "L_col_(cm)": [
        30
    ],
    "A_col_(cm)": [
        5.3092915845667505
    ],
    "d_col_(cm)": [
        2.6
    ],
    "config": [
        3,
        3,
        3,
        3
    ],
    "e": [
        0.4
    ]
}