{
    "f_vals": [
        [
            0.23228901682650177
        ],
        [
            0.26491177504776336
        ],
        [
            0.24576607174626655
        ],
        [
            0.2512398286637221
        ],
        [
            0.26200654502028037
        ],
        [
            0.263051051658242
        ],
        [
            0.2472805317828883
        ],
        [
            0.23239904157094135
        ],
        [
            0.23659526705922485
        ],
        [
            0.2616305903587254
        ],
        [
            0.23489935217814967
        ],
        [
            0.2564699704026745
        ],
        [
            0.23248145595328795
        ],
        [
            0.2624363672903594
        ],
        [
            0.2631614969336147
        ],
        [
            0.26274576922971604
        ],
        [
            0.25354836500540623
        ],
        [
            0.23486750695192607
        ],
        [
            0.26255321731520254
        ],
        [
            0.2609455632140881
        ],
        [
            0.26359075229969087
        ]
    ],
    "all_inputs": [
        [
            0.001174,
            0.0001
        ],
        [
            0.01,
            1.0
        ],
        [
            0.004889926528355238,
            0.07653796211792935
        ],
        [
            1e-08,
            0.10937653878949956
        ],
        [
            0.003224800174687149,
            0.6114846467657604
        ],
        [
            0.00843243652634819,
            0.5748425093818137
        ],
        [
            6.026050237971331e-05,
            0.08598358968154278
        ],
        [
            0.0020153469456397105,
            0.0001
        ],
        [
            0.01,
            0.0001
        ],
        [
            0.003176390136732833,
            0.47776576353477246
        ],
        [
            0.008123414423799127,
            0.0001
        ],
        [
            0.009081390025260472,
            0.1441782144976318
        ],
        [
            0.00311054291111551,
            0.0001
        ],
        [
            0.003451731795216142,
            0.7191323189062684
        ],
        [
            0.004989013701693299,
            0.6979559770442405
        ],
        [
            0.004063666315726805,
            0.8545555483433136
        ],
        [
            0.003729827323912115,
            0.12080235588761595
        ],
        [
            0.006611286942093434,
            0.0001
        ],
        [
            1e-08,
            1.0
        ],
        [
            2.4971260217387938e-08,
            0.6022917076938423
        ],
        [
            0.005754157843528722,
            0.7177042721789872
        ]
    ]
}