{
    "Description": [
        "Description example: Optimizting the Borate HCl system for the ILLOVO Wastewater solution on PCR.Ca. 50 iterations, with no isotherom data. We placed a upper flowrate constraint of 12 L/h. 30 hrs of operation. This is with the sub-zoning arangement in config 2 in this case, we used CALCUALTED isotherm data for both components."
    ],
    "m1": [
        3.0,
        3.628987313814498,
        3.2879176803223085,
        2.5002034907279325,
        4.49995925574662,
        4.499984997167094,
        2.500020849037199,
        4.149454627749509,
        4.4972973783994,
        2.5352039830402715,
        2.832741280595861,
        4.49993414421825,
        4.498979971760719,
        2.502335658639258,
        2.5039536413966927,
        4.499976729901634,
        2.504117904660613,
        2.6550549993576507,
        2.5007466640905296,
        4.4994797797516535,
        2.5005868577335315,
        2.642599155919057,
        2.500956440605705,
        2.502080562359825,
        4.499079014734099,
        2.5013702211811335,
        2.505330792298694,
        4.499224584772918,
        4.253487833052425,
        2.5003183632258805,
        2.5036832476746262,
        4.44952035780085,
        2.5414540187754886,
        4.4994654596109935,
        2.5013248880398025,
        4.213132387807885,
        2.5415385202638423,
        4.4993877182867,
        2.970233261171204,
        2.9859337726544593,
        2.9792694869306136,
        2.5005614618793963,
        4.499494401262217,
        4.161600211536178,
        4.499886999266155,
        2.5009445784791176,
        2.5055068647750387,
        4.4975015065419734,
        3.4866728919250822,
        4.499628673220466,
        4.499432356490038
    ],
    "m2": [
        2.13,
        1.8357875645528385,
        1.5674936462741216,
        1.500782318297786,
        1.9999117951452485,
        1.5000477084801003,
        1.9999899125507323,
        1.9999255746970954,
        1.999543495718101,
        1.500010712746007,
        1.5000008782795649,
        1.9998963126317826,
        1.9998968640921169,
        1.5001954241143953,
        1.5001806224940186,
        1.9999316053717402,
        1.5000068981745778,
        1.5000052121189753,
        1.5002508482472439,
        1.9998063975791012,
        1.5001092443055495,
        1.500019564157642,
        1.5003912168226199,
        1.5004845505500661,
        1.9998221583383429,
        1.5001123827841036,
        1.500807967810951,
        1.999872652237202,
        1.5054000853538,
        1.500416267208283,
        1.5001489535989172,
        1.5004750851408493,
        1.500044978557422,
        1.9999705066561364,
        1.5000601991457463,
        1.500188581902183,
        1.500010000459067,
        1.999979038738871,
        1.5000020532884217,
        1.50000090272119,
        1.5000043576879598,
        1.500088100150923,
        1.9999074983086909,
        1.5000141465556927,
        1.9998385461745223,
        1.500195196691257,
        1.5002930724049344,
        1.9987462146255575,
        1.5003859845264718,
        1.9999120092076137,
        1.999910434428922
    ],
    "m3": [
        2.35,
        4.411471654402869,
        2.8770928054666283,
        2.5000166398418613,
        4.499968996472627,
        4.499983853818123,
        4.4999759008176055,
        4.4999982836716095,
        4.499651755825723,
        2.50001648730073,
        2.832732085417894,
        4.499956524457384,
        4.499712626784153,
        2.500266172377798,
        2.5012687572930505,
        4.499983300281547,
        2.5010161689940245,
        2.655034407418652,
        2.500203892843995,
        4.4998890921291546,
        2.500463735509354,
        2.6424901678169794,
        2.500302715613971,
        2.500008669803926,
        4.4999436166927005,
        2.5000799036627326,
        2.50042706672772,
        4.499911806420421,
        4.220209545560739,
        2.500321941103924,
        2.500256084250779,
        4.306170329676381,
        2.540334768877832,
        4.499881404273183,
        2.500086719095235,
        4.16619720250632,
        2.5414144021738587,
        4.499921393055721,
        2.970223714239599,
        2.9859310676503035,
        2.979255801250161,
        2.5000521390477357,
        4.499947046800341,
        4.047084122753901,
        4.499962338739473,
        2.5001757051840725,
        2.501265191194405,
        4.499370942317368,
        3.484582096862454,
        4.499944548094597,
        4.499940996948738
    ],
    "m4": [
        1.5,
        1.7316995529248584,
        1.8214184372905309,
        1.500474768412981,
        1.9998228598054386,
        1.5000087753614457,
        1.999999183946621,
        1.9993334508113754,
        1.9995464150706899,
        1.5000075746145969,
        1.5000008451736082,
        1.9998647586408613,
        1.999639608730028,
        1.5002004495710872,
        1.5001941093792943,
        1.9999977698492928,
        1.500013405948044,
        1.5000053631419015,
        1.5002616527183839,
        1.999783802366671,
        1.500109914851487,
        1.5000185075866974,
        1.5004011962858195,
        1.500492232323453,
        1.9998585761605794,
        1.5001718054506619,
        1.5007510961865287,
        1.999832857258336,
        1.5004681738574943,
        1.5004258271172783,
        1.5001189874493828,
        1.5004825026236048,
        1.5000449813857142,
        1.9998224837917327,
        1.500178030832015,
        1.5001080252452885,
        1.5000089612480991,
        1.9997530980035612,
        1.5000017466993572,
        1.500000754687886,
        1.5000031250192818,
        1.5000944342211453,
        1.9998665226957941,
        1.5000118997675218,
        1.9999972125490477,
        1.5001574816799308,
        1.5002952037981845,
        1.9987914104909144,
        1.5004237197834411,
        1.9999337987457684,
        1.9998834776862309
    ],
    "t_index_min": [
        10.0,
        4.320005389108495,
        6.22624823319334,
        4.002172954729688,
        4.000584466863144,
        4.000111187704375,
        4.000213365475495,
        4.0000090969141056,
        4.006911107581964,
        10.079003214126894,
        13.432962774468667,
        4.000560871504507,
        4.006641471333497,
        10.07934780778831,
        10.086990543116839,
        4.002089511809711,
        10.081949195638948,
        11.6418096088009,
        10.068422433105905,
        4.005115292378224,
        10.08073255368714,
        11.514815246190324,
        10.06823727861496,
        10.066002841858863,
        4.00742816714386,
        10.071536153951193,
        10.023535374818023,
        4.005213795004831,
        19.999977173471294,
        10.066568724295683,
        10.070663437123972,
        19.999654656808197,
        10.484438745074822,
        4.007250518980471,
        10.069754942862028,
        19.99998033882645,
        10.496441075712298,
        4.005492792786671,
        14.818717290881063,
        14.977083539877501,
        14.909730375516432,
        10.052930676539539,
        4.005784740373056,
        19.99999384502929,
        4.000296965852407,
        10.073636438233159,
        10.085761248598038,
        4.0325082515356705,
        19.991857757527864,
        4.00397579524261,
        4.003898438206631
    ],