{
    "description_text": "Parametric study varying D_all from -10 to -5 with a step of -1. Results include col_elution and mass metrics. All lengths are in cm, time in s, concentrations in g/cm\u00b3, volumes in cm\u00b3.",
    "variable,D_all": [
        1e-10,
        1e-09,
        1e-08
    ],
    "param_name": "D_all",
    "Error_percent": [
        -3.136908842192561,
        -3.1369088443973014,
        -3.136908865851636
    ],
    "Simulation_time": [
        0.016796815395355224,
        0.01620493729909261,
        0.016217108567555746
    ],
    "raff_intgral_purity": [
        [
            0.5052952409941847,
            0.4947047590058153
        ],
        [
            0.5052952409884395,
            0.4947047590115606
        ],
        [
            0.5052952409306679,
            0.4947047590693322
        ]
    ],
    "raff_recov": [
        [
            0.3278548061245003,
            0.3209832978707707
        ],
        [
            0.32785480611782114,
            0.32098329787160884
        ],
        [
            0.3278548060388303,
            0.3209832978684568
        ]
    ],
    "ext_intgral_purity": [
        [
            0.627086766028006,
            0.372913233971994
        ],
        [
            0.6270867660096525,
            0.3729132339903475
        ],
        [
            0.6270867658121971,
            0.37291323418780287
        ]
    ],
    "ext_recov": [
        [
            0.10926470086259661,
            0.06497705766578668
        ],
        [
            0.1092647008526647,
            0.06497705766498009
        ],
        [
            0.10926470076693486,
            0.06497705766886341
        ]
    ],
    "t_sets": [
        [],
        [],
        []
    ],
    "t": [
        [
            0.0,
            9.999999999999999e-05,
            0.0011,
            0.0111,
            0.1111,
            1.1111,
            8.286119725105046,
            15.6976571276581,
            26.280990364362317,
            40.93330768355095,
            60.66749484161246,
            86.00497253527732,
            103.34229943830873,
            120.67962634134014,
            140.09247482862907,
            161.1792232136649,
            182.15384072633833,
            202.15236917126097,
            222.19851027918781,
            243.94111749708117,
            267.70336825338217,
            287.02446418255914,
            303.13542083008144,
            319.24637747760374,
            335.90087935568374,
            352.988572956769,
            370.37392945380225,
            388.0464125040477,
            406.1075623007914,
            424.613491812032,
            443.4618981915483,
            462.46975361469475,
            481.56096850393646,
            500.83572964586176,
            520.4313414182792,
            540.3266425541048,
            560.329926789751,
            580.281594906606,
            593.9735980297012,
            607.6656011527964,
            620.2881833839485,
            632.9107656151007,
            650.4958645920403,
            671.5998202100627,
            690.5017358857618,
            706.7690166346963,
            723.0362973836308,
            740.020043738234,
            757.8707761729294,
            776.358090791402,
            795.0740531394762,
            813.874705151999,
            833.0152485603327,
            852.7842964486621,
            873.088524299108,
            893.4695247123145,
            913.6060309056096,
            933.6885335384018,
            954.2104663837811,
            975.3967775058516,
            996.631006186424,
            1013.6123966776374,
            1030.593787168851,
            1050.1505791652812,
            1071.9785669803196,
            1090.2528501287204,
            1108.5271332771213,
            1128.8142712546983,
            1150.6925534795234,
            1171.8142600028161,
            1190.9134121198122,
            1206.362060802526,
            1218.9209210671504,
            1231.4797813317748,
            1249.0230679271558,
            1270.5553918518501,
            1284.6550164470302,
            1298.7546410422103,
            1315.802715063826,
            1335.101997081285,
            1351.1154360538383,
            1367.1288750263916,
            1385.5870262096428,
            1406.520035212844,
            1424.7787122960624,
            1443.0373893792807,
            1462.8994739084847,
            1484.1350851668424,
            1505.0002294813082,
            1524.3808918967,
            1543.1377402124067,
            1563.0074045941503,
            1584.6838901292967,
            1606.7663918044486,
            1627.2912235859762,
            1646.2648590766385,
            1665.4417699821647,
            1686.2657481804497,
            1708.0998907804121,
            1728.7598945006177,
            1747.4845036173156,
            1765.7303991572294,
            1784.5988160926183,
            1797.4133857958911,
            1804.3817913231198,
            1811.3501968503485,
            1823.0531775814052,
            1837.0411769686625,
            1855.5546208444036,
            1873.758952297076,
            1889.2228972557648,
            1904.6868422144537,
            1920.939501997123,
            1938.0880841971984,
            1955.8884236681806,
            1973.9735698720633,
            1992.2308372578186,
            2010.885215994491,
            2030.1706816064934,
            2049.9766451824185,
            2069.8888398352155,
            2089.6347070933866,
            2109.3752406655544,
            2129.4787672297252,
            2150.0483956012554,
            2170.7351564105597,
            2191.105462073581,
            2211.1234603934745,
            2231.1098543475464,
            2251.2540786890168,
            2271.3340483744482,
            2291.054810463062,
            2310.546730152539,
            2330.3151183006044,
            2350.6389584051867,
            2368.434854518002,
            2386.230750630817,
            2400.0
        ],
        [
            0.0,
            9.999999999999999e-05,
            0.0011,
            0.0111,
            0.1111,
            1.1111,
            8.286119725735942,
            15.697657128833281,
            26.280990366526268,
            40.93330768718741,
            60.66749484728756,
            86.00497254274573,
            103.34229944164649,
            120.67962634054724,
            140.0924748289521,
            161.1792232204693,
            182.15384073749087,
            202.15236917929414,
            222.19851027981937,
            243.94111749395827,
            267.70336825540653,
            287.02446418615654,
            303.1354208344745,
            319.2463774827924,
            335.9008793609215,
            352.9885729612922,
            370.3739294577787,
            388.0464125084199,
            406.107562306146,
            424.6134918178259,
            443.46189819667006,
            462.46975361879765,
            481.56096850790397,
            500.83572965078366,
            520.4313414241227,
            540.3266425596504,
            560.3299267939975,
            580.281594910023,
            593.9735980348228,
            607.6656011596225,
            620.2881833922605,
            632.9107656248985,
            650.4958646050754,
            671.59982022884,
            690.5017358909031,
            706.7690166449406,
            723.0362973989781,
            740.0200437496154,
            757.8707761757162,
            776.3580907921001,
            795.0740531485696,
            813.8747051708367,
            833.0152485788351,
            852.7842964566878,
            873.0885242990319,
            893.4695247172355,
            913.6060309234078,
            933.6885335617891,
            954.2104663981131,
            975.3967775060783,
            996.6310061849763,
            1013.6123966878007,
            1030.593787190625,
