{
    "f_vals": [
        [
            0.0004969339500270612
        ],
        [
            0.0006956665444684144
        ],
        [
            0.0005756684006432407
        ],
        [
            0.0005793095485790692
        ],
        [
            0.00026891755037442033
        ],
        [
            0.0007068798292641705
        ],
        [
            0.000264261442632872
        ]
    ],
    "all_inputs": [
        [
            1e-06,
            1e-06,
            0.096,
            0.0542241278,
            4.7,
            3.5
        ],
        [
            0.0001,
            0.0001,
            0.8,
            0.8,
            0.0005,
            3.661826843518174
        ],
        [
            4.911535655052858e-05,
            7.141232449392527e-05,
            0.699025653893359,
            0.7373508197241132,
            4.600111798296976,
            3.1381164774811285
        ],
        [
            3.198527214257927e-05,
            9.123159173334229e-05,
            0.7985959802457812,
            0.48635898410951556,
            0.8137520728795389,
            3.1686309099522174
        ],
        [
            7.749105290944914e-05,
            4.9338525191115384e-05,
            0.42788361666834707,
            0.7623805837330695,
            3.5507298967056675,
            0.9856087615379305
        ],
        [
            7.389163064002939e-05,
            5.4469374330876256e-05,
            0.68444808125989,
            0.6302212938487589,
            2.9231177668104276,
            4.219380853622798
        ],
        [
            9.867749836944692e-05,
            6.869411038946064e-05,
            0.5387045760386394,
            0.5061665851677447,
            3.239397150606819,
            2.2342242874522684
        ]
    ]
}