{
    "f_vals": [
        [
            0.00026408750003836085
        ],
        [
            0.0006599676853044999
        ],
        [
            0.00033196591942076965
        ],
        [
            0.0006499340533570711
        ],
        [
            0.0006073341358817667
        ],
        [
            0.0005790372267629772
        ]
    ],
    "all_inputs": [
        [
            9.8e-05,
            6.8e-05,
            0.5387,
            0.5062,
            3.239,
            2.234
        ],
        [
            1.0000000000000002e-06,
            1.0000000000000002e-06,
            8e-05,
            0.5131691952385172,
            0.0005,
            5.0
        ],
        [
            7.562796390433177e-05,
            4.858349925218703e-05,
            0.046726868128511394,
            0.05853537317558706,
            3.04204904470043,
            2.5143294538060097
        ],
        [
            1.4736903434582505e-06,
            6.540839714015574e-05,
            0.1928120889376592,
            0.7123333761944851,
            4.880344872306731,
            0.11302620017897863
        ],
        [
            5.146999940858336e-05,
            9.888484318451812e-05,
            0.5444111794241774,
            0.07320760269808715,
            0.3164769760796479,
            4.703237865207037
        ],
        [
            9.970271711605843e-05,
            1.6458700711974833e-05,
            0.6732350944647479,
            0.6772716526001762,
            0.5713943476862173,
            0.29209106228139353
        ]
    ]
}