{
    "f_vals": [
        [
            0.0002641164080152708
        ],
        [
            0.0006758792608521042
        ],
        [
            0.0005626191868889839
        ],
        [
            0.0005069780498266598
        ],
        [
            0.0002538623928079104
        ],
        [
            0.0007197161377924549
        ],
        [
            0.0006647500087606386
        ],
        [
            0.00047545017820869946
        ],
        [
            0.0005484144492748416
        ],
        [
            0.0006697862451943971
        ],
        [
            0.0006341672700801814
        ],
        [
            0.000339893630891116
        ],
        [
            0.0004018696612390208
        ],
        [
            0.000331826937082508
        ],
        [
            0.0006714205432031515
        ],
        [
            0.0006590568458478833
        ],
        [
            0.0002274491216513941
        ],
        [
            0.0005337223692156993
        ],
        [
            0.0006492364206087415
        ],
        [
            0.0005881281189629141
        ],
        [
            0.0004369937865438059
        ]
    ],
    "all_inputs": [
        [
            9.8e-05,
            6.8e-05,
            0.5387,
            0.5062,
            3.239,
            2.234
        ],
        [
            1.0000000000000002e-06,
            1.0000000000000002e-06,
            0.8,
            8.00000000000023e-05,
            0.0005,
            5.0
        ],
        [
            3.7243464894786197e-05,
            5.578998949616451e-05,
            0.20927814899470346,
            0.048714841173825185,
            4.253810665096168,
            4.456359893561991
        ],
        [
            3.307657397367137e-05,
            2.7681627004871957e-05,
            0.15833508265880447,
            0.05053938888347114,
            0.8796981270521895,
            3.602100709901155
        ],
        [
            9.14788399632201e-05,
            8.941047412709757e-05,
            0.4104806488316289,
            0.258120251735717,
            3.4813163876508746,
            2.159638564812658
        ],
        [
            2.8391387296476056e-06,
            8.835965455792983e-05,
            0.7636234771420046,
            0.7965843663498922,
            0.6896884937151617,
            4.35523003108536
        ],
        [
            2.6424963133968205e-05,
            7.452858118620748e-06,
            0.18597489132765566,
            0.6659855649692732,
            0.32510432705690956,
            0.08878880570290348
        ],
        [
            7.137266537529097e-06,
            6.676130051295719e-05,
            0.7538838855751099,
            0.48478583448531865,
            4.965154819631094,
            0.5053069161734641
        ],
        [
            5.108743043868333e-05,
            8.148529969384206e-05,
            0.0062773893693841565,
            0.5645173912144791,
            4.984250094676699,
            0.33835662361195173
        ],
        [
            9.600168090469201e-05,
            7.405403303247884e-05,
            0.12090342265046555,
            0.745303382862462,
            0.6646682510759685,
            4.927251955093527
        ],
        [
            7.216351477900063e-05,
            3.442656776144493e-06,
            0.7090567727779299,
            0.02592184947512499,
            3.799644176394894,
            0.09005767549910504
        ],
        [
            5.521636050238543e-05,
            1.392428025571587e-05,
            0.7076449477259295,
            0.7243297733443108,
            3.362922140515625,
            2.487322764757927
        ],
        [
            7.358006984980342e-06,
            7.695206604544365e-05,
            0.5864795298829935,
            0.015308686006298401,
            0.959789336551323,
            0.82176462419396
        ],
        [
            8.596101219022337e-05,
            7.307981423338164e-05,
            0.5018619277410069,
            0.612813723701723,
            2.843910788028303,
            2.4671383634606405
        ],
        [
            9.283117202983453e-05,
            9.627061192943041e-05,
            0.051419700894291376,
            0.3205275613382285,
            0.6604770784656377,
            0.04652628628919908
        ],
        [
            3.3443425494412265e-05,
            2.2825237884011587e-06,
            0.110404416843113,
            0.7367631195018689,
            3.3481542904722668,
            4.943438086659075
        ],
        [
            4.1477396565061154e-05,
            1.4401458211569868e-05,
            0.6918822320443455,
            0.67190298051865,
            3.501100452015789,
            2.073112046273356
        ],
        [
            7.314652762485133e-05,
            1.1403600430491695e-05,
            0.6330955445252389,
            0.3622447270241887,
            3.138123864876245,
            0.35879886597093374
        ],
        [
            6.941671109687916e-05,
            4.279888808190033e-05,
            0.08844669676499076,
            0.23342281753869534,
            1.8351256417936104,
            4.836090657120543
        ],
        [
            8.836663260412838e-05,
            9.527961701599737e-05,
            0.15722684110370505,
            0.1440641917023517,
            1.9053101170296274,
            3.575704132610023
        ],
        [
            7.80289548685076e-05,
            1.4113598025574387e-05,
            0.4259577266563097,
            0.7673946491116084,
            3.474259377618148,
            2.7479999798663854
        ]
    ]
}