{
    "f_vals": [
        [
            0.0002641164080152708
        ],
        [
            0.0006617440667694717
        ],
        [
            0.0002836275975838128
        ],
        [
            0.0007001535901199589
        ],
        [
            0.000658764070335925
        ],
        [
            0.0006652108427751966
        ],
        [
            0.00024488405732682266
        ],
        [
            0.00045859589120877514
        ],
        [
            0.00039457024650241257
        ],
        [
            0.0005947912326274372
        ],
        [
            0.0006648965776867846
        ],
        [
            0.000669788378136613
        ],
        [
            0.0006309575618389867
        ],
        [
            0.0006790359934718
        ],
        [
            0.0005496866894066206
        ],
        [
            0.00021290686866089873
        ],
        [
            0.00047313809109967686
        ],
        [
            0.000192483517363481
        ],
        [
            0.0006337014299568941
        ],
        [
            0.0006957997225879428
        ],
        [
            0.00019854735497562968
        ]
    ],
    "all_inputs": [
        [
            9.8e-05,
            6.8e-05,
            0.5387,
            0.5062,
            3.239,
            2.234
        ],
        [
            1.0000000000000002e-06,
            1.0000000000000002e-06,
            8e-05,
            0.8,
            5.0,
            5.0
        ],
        [
            5.674213363186498e-06,
            2.511453613814781e-05,
            0.07272953623617924,
            0.7356896162507265,
            1.6896768712996713,
            0.93998565089045
        ],
        [
            9.417324323894219e-05,
            9.762939248080785e-05,
            0.7557456653673612,
            0.5118758424114368,
            2.9583868206309267,
            4.147155350785535
        ],
        [
            6.373852019538225e-05,
            5.576670442399331e-05,
            0.32369668502294435,
            0.6993728704201786,
            3.2205434590182556,
            4.930440526587153
        ],
        [
            9.836813951651094e-05,
            5.1931711713776666e-05,
            0.5641404990147315,
            0.38640732884970674,
            3.4107612481140643,
            4.784189953023061
        ],
        [
            8.48706575246665e-05,
            9.572906225460354e-05,
            0.13526938175566747,
            0.4549360705721796,
            2.4207969816663133,
            1.0461287541075095
        ],
        [
            9.975751657671601e-05,
            6.600447921451303e-05,
            0.557373652371694,
            0.5442159626329879,
            0.08426997287601323,
            2.7924007713343446
        ],
        [
            2.6254999089977544e-05,
            2.3484702113696193e-05,
            0.6291371785465429,
            0.15847488985254785,
            4.5914388084624935,
            0.6659593919471194
        ],
        [
            8.773425751332632e-06,
            4.695328360483304e-05,
            0.4071337854869955,
            0.09013875784260611,
            2.9082705228668893,
            0.19467367685713194
        ],
        [
            6.686435747018777e-05,
            1.8753491809876754e-05,
            0.2994339070882596,
            0.3325445723700884,
            2.4166267763849167,
            4.6816657877954775
        ],
        [
            5.5822192622709824e-05,
            6.52704301380232e-05,
            0.7180571717740674,
            0.5081145793266963,
            4.408155776724121,
            3.5925245309997003
        ],
        [
            9.17333322160561e-05,
            2.0122807481596624e-05,
            0.007153819649356264,
            0.2754239174540625,
            4.936520688237391,
            0.14169641756291956
        ],
        [
            9.802700521373984e-05,
            3.800503979055304e-05,
            0.08178550692784103,
            0.7058231618234441,
            0.5747470173839286,
            4.831051189283643
        ],
        [
            4.740883603997835e-05,
            5.9053411508933996e-05,
            0.7986314131256634,
            0.26866124958324406,
            3.00645500951386,
            3.196046861708802
        ],
        [
            1.5156006048017258e-06,
            1.4701666991943692e-05,
            0.026217234816733683,
            0.6400917096388637,
            1.9224479794866447,
            1.2022640698501044
        ],
        [
            3.677227081795739e-05,
            3.4145584909866247e-06,
            0.31154307964863975,
            0.5855674344013342,
            1.9155238713466372,
            0.4961440514837581
        ],
        [
            9.002663172631171e-06,
            9.407289159991841e-05,
            0.5930673576486658,
            0.6810458541375897,
            0.21451629791214066,
            1.6647364556536428
        ],
        [
            6.770139961342697e-06,
            8.549181713444238e-05,
            0.019217810390855794,
            0.10881473159819471,
            0.6968518184251951,
            4.37428625159015
        ],
        [
            1.6440545583414728e-05,
            1.2960723918883438e-05,
            0.7469279037069692,
            0.4587243983372016,
            0.043867916313605204,
            4.552917278230785
        ],
        [
            7.41399635275074e-05,
            1.9735975570628333e-05,
            0.11298224129288244,
            0.6680340968225817,
            0.6476376100073328,
            1.7950091531925672
        ]
    ]
}