{
    "f_vals": [
        [
            0.0002641164080152708
        ],
        [
            0.0006775402677060308
        ],
        [
            0.0006345654608253643
        ],
        [
            0.0004929020397704031
        ],
        [
            0.00026962520501326505
        ],
        [
            0.00019793071355009994
        ],
        [
            0.00017955512816529947
        ],
        [
            0.0005160745545751854
        ],
        [
            0.0006872039935067846
        ],
        [
            0.0006843538242784818
        ],
        [
            0.00067577557727569
        ],
        [
            0.0006713180984427876
        ],
        [
            0.0002165030240328899
        ],
        [
            0.00018197687397212542
        ],
        [
            0.00023811899188262093
        ],
        [
            0.0006417010110283957
        ],
        [
            0.0006920398399364052
        ],
        [
            0.00018331980510622595
        ],
        [
            0.00035995596733376145
        ],
        [
            0.0006846202745490422
        ],
        [
            0.0006541458469513843
        ]
    ],
    "all_inputs": [
        [
            9.8e-05,
            6.8e-05,
            0.5387,
            0.5062,
            3.239,
            2.234
        ],
        [
            1.0000000000000002e-06,
            1.0000000000000002e-06,
            8e-05,
            8e-05,
            0.0005,
            5.0
        ],
        [
            6.55476998801385e-05,
            7.719210447129169e-05,
            0.22190060570362014,
            0.7863253387574151,
            3.5593529110066147,
            0.14749757530700763
        ],
        [
            1.3018606867803895e-05,
            1.7833736145969782e-06,
            0.4129674495330794,
            0.6845882868360231,
            1.934459765777954,
            0.4541997713581855
        ],
        [
            3.026876648433519e-06,
            8.036103664455123e-05,
            0.7270736665936957,
            0.24216268489718865,
            0.9525802038987587,
            2.186670600821818
        ],
        [
            3.500146027099094e-06,
            7.929303661440693e-05,
            0.7281840623269705,
            0.35512033632894724,
            0.40338966177345614,
            1.7342443266284746
        ],
        [
            7.744526108293548e-05,
            7.117759608772306e-05,
            0.4855940383274357,
            0.4196606761032376,
            2.9791831782665508,
            1.5720505580944928
        ],
        [
            1.9077487420216673e-05,
            6.544094984579107e-05,
            0.10232102744473118,
            0.15925055815616643,
            2.616622048534692,
            3.1766684475603073
        ],
        [
            3.0929800393098506e-06,
            7.110121219214136e-05,
            0.7720045208585206,
            0.6258665802598777,
            4.350072379765209,
            4.695369055642735
        ],
        [
            9.985446340337737e-05,
            4.134538047239249e-05,
            0.7995547105572731,
            8.720379553857073e-05,
            0.0018590457725722875,
            0.0007563577972716229
        ],
        [
            9.717406500405267e-05,
            1.8832233091700596e-05,
            0.5021415936886648,
            0.5855315663932015,
            2.190687836118434,
            4.68804315216384
        ],
        [
            5.4650468472379745e-05,
            9.999746832944395e-05,
            0.7994021284056574,
            0.003908081408538822,
            4.997042204046855,
            0.049880818907863944
        ],
        [
            6.835363887799023e-05,
            9.997068935393341e-05,
            0.7989847968934115,
            0.7603940394799613,
            0.0010076309892997903,
            1.9497497086580395
        ],
        [
            8.403485886002238e-05,
            9.957393771404196e-05,
            0.5367288575000415,
            0.41855981189289904,
            2.7541993579011024,
            1.4535616377104976
        ],
        [
            9.394594804675591e-05,
            1.3626016506873945e-05,
            0.07585244915852454,
            0.419154843612266,
            3.7854311094622464,
            2.1013410355917372
        ],
        [
            4.722602912218445e-05,
            8.571395876189241e-05,
            0.4600035438108826,
            0.35075745289618854,
            2.784177620059602,
            4.997451758202816
        ],
        [
            4.830448257110217e-05,
            1.3654355461184797e-05,
            0.6437848703297374,
            0.5705049641964524,
            3.2196615802633137,
            4.482449050397788
        ],
        [
            7.309153103111568e-05,
            5.1776321074959324e-05,
            0.44349310943790476,
            0.5510528651622482,
            2.350329133242886,
            1.7417664538615782
        ],
        [
            2.138992959534217e-05,
            6.96217676039983e-06,
            0.08504389163612008,
            0.10212823713367084,
            4.596224814077648,
            0.7345281951524276
        ],
        [
            9.997801009713536e-05,
            9.999901375144394e-05,
            0.0001328310378074793,
            0.00019158333086117808,
            0.0010997587411862297,
            0.0013222079791783137
        ],
        [
            3.480930054807881e-05,
            9.610714215369281e-05,
            0.7171057367873616,
            0.21369593667408404,
            0.5019699774906144,
            4.879718321027974
        ]
    ]
}